date,sku,warehouse,onhand_qty
2025-11-07,SKU-001,WH-2,354
2025-11-07,SKU-002,WH-2,677
2025-11-07,SKU-003,WH-1,771
2025-11-07,SKU-004,WH-1,683
2025-11-07,SKU-005,WH-2,614
2025-11-07,SKU-006,WH-1,222
2025-11-07,SKU-007,WH-2,231
2025-11-07,SKU-008,WH-2,464
2025-11-07,SKU-009,WH-1,709
2025-11-07,SKU-010,WH-2,472
2025-11-07,SKU-011,WH-2,563
2025-11-07,SKU-012,WH-2,249
2025-11-07,SKU-013,WH-1,339
2025-11-07,SKU-014,WH-1,432
2025-11-07,SKU-015,WH-2,646
2025-11-07,SKU-016,WH-1,798
2025-11-07,SKU-017,WH-1,779
2025-11-07,SKU-018,WH-2,746
2025-11-07,SKU-019,WH-1,279
2025-11-07,SKU-020,WH-1,286
2025-11-07,SKU-021,WH-1,439
2025-11-07,SKU-022,WH-2,483
2025-11-07,SKU-023,WH-1,456
2025-11-07,SKU-024,WH-1,307
2025-11-07,SKU-025,WH-1,463
2025-11-07,SKU-026,WH-2,479
2025-11-07,SKU-027,WH-2,667
2025-11-07,SKU-028,WH-1,616
2025-11-07,SKU-029,WH-2,326
2025-11-07,SKU-030,WH-2,415
2025-11-08,SKU-001,WH-2,336
2025-11-08,SKU-002,WH-1,686
2025-11-08,SKU-003,WH-2,808
2025-11-08,SKU-004,WH-1,675
2025-11-08,SKU-005,WH-1,625
2025-11-08,SKU-006,WH-2,234
2025-11-08,SKU-007,WH-2,220
2025-11-08,SKU-008,WH-2,478
2025-11-08,SKU-009,WH-2,716
2025-11-08,SKU-010,WH-2,482
2025-11-08,SKU-011,WH-2,564
2025-11-08,SKU-012,WH-1,238
2025-11-08,SKU-013,WH-1,350
2025-11-08,SKU-014,WH-2,441
2025-11-08,SKU-015,WH-1,657
2025-11-08,SKU-016,WH-2,795
2025-11-08,SKU-017,WH-1,792
2025-11-08,SKU-018,WH-2,728
2025-11-08,SKU-019,WH-2,291
2025-11-08,SKU-020,WH-1,288
2025-11-08,SKU-021,WH-2,441
2025-11-08,SKU-022,WH-2,495
2025-11-08,SKU-023,WH-2,454
2025-11-08,SKU-024,WH-1,281
2025-11-08,SKU-025,WH-1,468
2025-11-08,SKU-026,WH-1,486
2025-11-08,SKU-027,WH-1,654
2025-11-08,SKU-028,WH-1,640
2025-11-08,SKU-029,WH-1,324
2025-11-08,SKU-030,WH-2,398
2025-11-09,SKU-001,WH-2,333
2025-11-09,SKU-002,WH-1,669
2025-11-09,SKU-003,WH-2,805
2025-11-09,SKU-004,WH-2,666
2025-11-09,SKU-005,WH-1,628
2025-11-09,SKU-006,WH-2,251
2025-11-09,SKU-007,WH-1,200
2025-11-09,SKU-008,WH-2,486
2025-11-09,SKU-009,WH-1,724
2025-11-09,SKU-010,WH-1,492
2025-11-09,SKU-011,WH-2,554
2025-11-09,SKU-012,WH-2,248
2025-11-09,SKU-013,WH-2,354
2025-11-09,SKU-014,WH-1,471
2025-11-09,SKU-015,WH-1,653
2025-11-09,SKU-016,WH-1,785
2025-11-09,SKU-017,WH-1,807
2025-11-09,SKU-018,WH-1,724
2025-11-09,SKU-019,WH-2,288
2025-11-09,SKU-020,WH-1,299
2025-11-09,SKU-021,WH-2,447
2025-11-09,SKU-022,WH-2,483
2025-11-09,SKU-023,WH-1,472
2025-11-09,SKU-024,WH-2,264
2025-11-09,SKU-025,WH-1,468
2025-11-09,SKU-026,WH-1,524
2025-11-09,SKU-027,WH-2,670
2025-11-09,SKU-028,WH-1,631
2025-11-09,SKU-029,WH-1,306
2025-11-09,SKU-030,WH-1,407
2025-11-10,SKU-001,WH-2,320
2025-11-10,SKU-002,WH-2,669
2025-11-10,SKU-003,WH-1,821
2025-11-10,SKU-004,WH-1,637
2025-11-10,SKU-005,WH-2,623
2025-11-10,SKU-006,WH-2,269
2025-11-10,SKU-007,WH-2,215
2025-11-10,SKU-008,WH-2,481
2025-11-10,SKU-009,WH-1,742
2025-11-10,SKU-010,WH-2,507
2025-11-10,SKU-011,WH-1,581
2025-11-10,SKU-012,WH-2,275
2025-11-10,SKU-013,WH-2,375
2025-11-10,SKU-014,WH-2,466
2025-11-10,SKU-015,WH-1,640
2025-11-10,SKU-016,WH-1,799
2025-11-10,SKU-017,WH-1,834
2025-11-10,SKU-018,WH-1,715
2025-11-10,SKU-019,WH-2,280
2025-11-10,SKU-020,WH-1,293
2025-11-10,SKU-021,WH-2,456
2025-11-10,SKU-022,WH-1,460
2025-11-10,SKU-023,WH-2,486
2025-11-10,SKU-024,WH-1,267
2025-11-10,SKU-025,WH-2,463
2025-11-10,SKU-026,WH-2,518
2025-11-10,SKU-027,WH-2,648
2025-11-10,SKU-028,WH-1,665
2025-11-10,SKU-029,WH-1,337
2025-11-10,SKU-030,WH-1,407
2025-11-11,SKU-001,WH-2,351
2025-11-11,SKU-002,WH-1,677
2025-11-11,SKU-003,WH-2,822
2025-11-11,SKU-004,WH-1,675
2025-11-11,SKU-005,WH-2,612
2025-11-11,SKU-006,WH-2,295
2025-11-11,SKU-007,WH-2,219
2025-11-11,SKU-008,WH-1,493
2025-11-11,SKU-009,WH-2,774
2025-11-11,SKU-010,WH-1,526
2025-11-11,SKU-011,WH-1,572
2025-11-11,SKU-012,WH-2,286
2025-11-11,SKU-013,WH-2,391
2025-11-11,SKU-014,WH-1,482
2025-11-11,SKU-015,WH-1,644
2025-11-11,SKU-016,WH-1,775
2025-11-11,SKU-017,WH-2,826
2025-11-11,SKU-018,WH-1,701
2025-11-11,SKU-019,WH-1,260
2025-11-11,SKU-020,WH-2,299
2025-11-11,SKU-021,WH-1,462
2025-11-11,SKU-022,WH-1,451
2025-11-11,SKU-023,WH-2,477
2025-11-11,SKU-024,WH-2,265
2025-11-11,SKU-025,WH-2,464
2025-11-11,SKU-026,WH-1,490
2025-11-11,SKU-027,WH-2,648
2025-11-11,SKU-028,WH-2,666
2025-11-11,SKU-029,WH-2,358
2025-11-11,SKU-030,WH-1,394
2025-11-12,SKU-001,WH-1,334
2025-11-12,SKU-002,WH-2,692
2025-11-12,SKU-003,WH-2,835
2025-11-12,SKU-004,WH-2,669
2025-11-12,SKU-005,WH-2,585
2025-11-12,SKU-006,WH-2,325
2025-11-12,SKU-007,WH-2,202
2025-11-12,SKU-008,WH-1,485
2025-11-12,SKU-009,WH-2,808
2025-11-12,SKU-010,WH-1,526
2025-11-12,SKU-011,WH-1,560
2025-11-12,SKU-012,WH-1,307
2025-11-12,SKU-013,WH-1,416
2025-11-12,SKU-014,WH-1,511
2025-11-12,SKU-015,WH-1,657
2025-11-12,SKU-016,WH-1,766
2025-11-12,SKU-017,WH-1,846
2025-11-12,SKU-018,WH-2,717
2025-11-12,SKU-019,WH-1,254
2025-11-12,SKU-020,WH-2,280
2025-11-12,SKU-021,WH-1,445
2025-11-12,SKU-022,WH-1,436
2025-11-12,SKU-023,WH-1,505
2025-11-12,SKU-024,WH-2,284
2025-11-12,SKU-025,WH-1,460
2025-11-12,SKU-026,WH-1,514
2025-11-12,SKU-027,WH-1,667
2025-11-12,SKU-028,WH-1,663
2025-11-12,SKU-029,WH-2,377
2025-11-12,SKU-030,WH-1,397
2025-11-13,SKU-001,WH-1,352
2025-11-13,SKU-002,WH-1,695
2025-11-13,SKU-003,WH-1,849
2025-11-13,SKU-004,WH-2,683
2025-11-13,SKU-005,WH-2,612
2025-11-13,SKU-006,WH-2,313
2025-11-13,SKU-007,WH-1,211
2025-11-13,SKU-008,WH-1,501
2025-11-13,SKU-009,WH-2,815
2025-11-13,SKU-010,WH-2,526
2025-11-13,SKU-011,WH-2,560
2025-11-13,SKU-012,WH-1,297
2025-11-13,SKU-013,WH-1,438
2025-11-13,SKU-014,WH-2,512
2025-11-13,SKU-015,WH-2,656
2025-11-13,SKU-016,WH-2,797
2025-11-13,SKU-017,WH-2,859
2025-11-13,SKU-018,WH-2,701
2025-11-13,SKU-019,WH-2,248
2025-11-13,SKU-020,WH-2,275
2025-11-13,SKU-021,WH-2,453
2025-11-13,SKU-022,WH-2,410
2025-11-13,SKU-023,WH-1,531
2025-11-13,SKU-024,WH-1,286
2025-11-13,SKU-025,WH-2,474
2025-11-13,SKU-026,WH-1,514
2025-11-13,SKU-027,WH-2,676
2025-11-13,SKU-028,WH-2,651
2025-11-13,SKU-029,WH-2,373
2025-11-13,SKU-030,WH-1,428
2025-11-14,SKU-001,WH-1,377
2025-11-14,SKU-002,WH-1,697
2025-11-14,SKU-003,WH-1,851
2025-11-14,SKU-004,WH-1,661
2025-11-14,SKU-005,WH-1,630
2025-11-14,SKU-006,WH-2,323
2025-11-14,SKU-007,WH-2,224
2025-11-14,SKU-008,WH-1,467
2025-11-14,SKU-009,WH-2,823
2025-11-14,SKU-010,WH-1,553
2025-11-14,SKU-011,WH-2,563
2025-11-14,SKU-012,WH-2,300
2025-11-14,SKU-013,WH-2,452
2025-11-14,SKU-014,WH-2,516
2025-11-14,SKU-015,WH-2,655
2025-11-14,SKU-016,WH-2,769
2025-11-14,SKU-017,WH-1,863
2025-11-14,SKU-018,WH-2,684
2025-11-14,SKU-019,WH-1,270
2025-11-14,SKU-020,WH-1,280
2025-11-14,SKU-021,WH-1,436
2025-11-14,SKU-022,WH-1,408
2025-11-14,SKU-023,WH-1,551
2025-11-14,SKU-024,WH-1,322
2025-11-14,SKU-025,WH-2,502
2025-11-14,SKU-026,WH-2,483
2025-11-14,SKU-027,WH-2,674
2025-11-14,SKU-028,WH-1,645
2025-11-14,SKU-029,WH-1,360
2025-11-14,SKU-030,WH-2,415
2025-11-15,SKU-001,WH-1,382
2025-11-15,SKU-002,WH-1,700
2025-11-15,SKU-003,WH-2,873
2025-11-15,SKU-004,WH-1,693
2025-11-15,SKU-005,WH-2,641
2025-11-15,SKU-006,WH-1,360
2025-11-15,SKU-007,WH-1,224
2025-11-15,SKU-008,WH-2,475
2025-11-15,SKU-009,WH-1,794
2025-11-15,SKU-010,WH-1,584
2025-11-15,SKU-011,WH-1,583
2025-11-15,SKU-012,WH-2,275
2025-11-15,SKU-013,WH-1,448
2025-11-15,SKU-014,WH-1,542
2025-11-15,SKU-015,WH-2,649
2025-11-15,SKU-016,WH-2,795
2025-11-15,SKU-017,WH-1,907
2025-11-15,SKU-018,WH-2,682
2025-11-15,SKU-019,WH-1,285
2025-11-15,SKU-020,WH-1,263
2025-11-15,SKU-021,WH-1,425
2025-11-15,SKU-022,WH-2,413
2025-11-15,SKU-023,WH-1,549
2025-11-15,SKU-024,WH-2,332
2025-11-15,SKU-025,WH-2,493
2025-11-15,SKU-026,WH-2,458
2025-11-15,SKU-027,WH-1,666
2025-11-15,SKU-028,WH-1,633
2025-11-15,SKU-029,WH-1,392
2025-11-15,SKU-030,WH-1,433
2025-11-16,SKU-001,WH-2,403
2025-11-16,SKU-002,WH-2,691
2025-11-16,SKU-003,WH-1,850
2025-11-16,SKU-004,WH-2,685
2025-11-16,SKU-005,WH-1,641
2025-11-16,SKU-006,WH-1,379
2025-11-16,SKU-007,WH-2,201
2025-11-16,SKU-008,WH-1,480
2025-11-16,SKU-009,WH-2,774
2025-11-16,SKU-010,WH-1,581
2025-11-16,SKU-011,WH-1,594
2025-11-16,SKU-012,WH-2,309
2025-11-16,SKU-013,WH-1,417
2025-11-16,SKU-014,WH-2,565
2025-11-16,SKU-015,WH-2,673
2025-11-16,SKU-016,WH-2,790
2025-11-16,SKU-017,WH-1,922
2025-11-16,SKU-018,WH-1,699
2025-11-16,SKU-019,WH-2,302
2025-11-16,SKU-020,WH-2,243
2025-11-16,SKU-021,WH-2,444
2025-11-16,SKU-022,WH-1,427
2025-11-16,SKU-023,WH-1,544
2025-11-16,SKU-024,WH-1,341
2025-11-16,SKU-025,WH-1,499
2025-11-16,SKU-026,WH-2,471
2025-11-16,SKU-027,WH-1,659
2025-11-16,SKU-028,WH-2,646
2025-11-16,SKU-029,WH-1,400
2025-11-16,SKU-030,WH-1,434
2025-11-17,SKU-001,WH-2,397
2025-11-17,SKU-002,WH-1,699
2025-11-17,SKU-003,WH-1,856
2025-11-17,SKU-004,WH-1,692
2025-11-17,SKU-005,WH-2,642
2025-11-17,SKU-006,WH-2,371
2025-11-17,SKU-007,WH-2,201
2025-11-17,SKU-008,WH-2,492
2025-11-17,SKU-009,WH-1,776
2025-11-17,SKU-010,WH-1,579
2025-11-17,SKU-011,WH-2,626
2025-11-17,SKU-012,WH-2,328
2025-11-17,SKU-013,WH-2,430
2025-11-17,SKU-014,WH-2,596
2025-11-17,SKU-015,WH-2,658
2025-11-17,SKU-016,WH-1,795
2025-11-17,SKU-017,WH-1,917
2025-11-17,SKU-018,WH-2,700
2025-11-17,SKU-019,WH-2,311
2025-11-17,SKU-020,WH-1,246
2025-11-17,SKU-021,WH-1,434
2025-11-17,SKU-022,WH-2,408
2025-11-17,SKU-023,WH-2,538
2025-11-17,SKU-024,WH-1,351
2025-11-17,SKU-025,WH-2,535
2025-11-17,SKU-026,WH-1,450
2025-11-17,SKU-027,WH-2,676
2025-11-17,SKU-028,WH-2,665
2025-11-17,SKU-029,WH-1,391
2025-11-17,SKU-030,WH-1,425
2025-11-18,SKU-001,WH-2,391
2025-11-18,SKU-002,WH-1,712
2025-11-18,SKU-003,WH-2,846
2025-11-18,SKU-004,WH-2,693
2025-11-18,SKU-005,WH-2,666
2025-11-18,SKU-006,WH-1,389
2025-11-18,SKU-007,WH-2,203
2025-11-18,SKU-008,WH-2,516
2025-11-18,SKU-009,WH-2,772
2025-11-18,SKU-010,WH-1,604
2025-11-18,SKU-011,WH-2,610
2025-11-18,SKU-012,WH-2,351
2025-11-18,SKU-013,WH-2,439
2025-11-18,SKU-014,WH-1,611
2025-11-18,SKU-015,WH-2,673
2025-11-18,SKU-016,WH-2,820
2025-11-18,SKU-017,WH-2,952
2025-11-18,SKU-018,WH-1,734
2025-11-18,SKU-019,WH-2,317
2025-11-18,SKU-020,WH-2,249
2025-11-18,SKU-021,WH-2,417
2025-11-18,SKU-022,WH-2,418
2025-11-18,SKU-023,WH-2,549
2025-11-18,SKU-024,WH-2,350
2025-11-18,SKU-025,WH-2,546
2025-11-18,SKU-026,WH-1,441
2025-11-18,SKU-027,WH-1,658
2025-11-18,SKU-028,WH-2,671
2025-11-18,SKU-029,WH-2,391
2025-11-18,SKU-030,WH-1,412
2025-11-19,SKU-001,WH-1,388
2025-11-19,SKU-002,WH-1,704
2025-11-19,SKU-003,WH-1,841
2025-11-19,SKU-004,WH-2,670
2025-11-19,SKU-005,WH-2,662
2025-11-19,SKU-006,WH-1,413
2025-11-19,SKU-007,WH-1,192
2025-11-19,SKU-008,WH-2,528
2025-11-19,SKU-009,WH-1,787
2025-11-19,SKU-010,WH-2,619
2025-11-19,SKU-011,WH-1,605
2025-11-19,SKU-012,WH-2,373
2025-11-19,SKU-013,WH-1,423
2025-11-19,SKU-014,WH-2,625
2025-11-19,SKU-015,WH-1,712
2025-11-19,SKU-016,WH-2,822
2025-11-19,SKU-017,WH-2,933
2025-11-19,SKU-018,WH-2,730
2025-11-19,SKU-019,WH-2,324
2025-11-19,SKU-020,WH-1,263
2025-11-19,SKU-021,WH-1,438
2025-11-19,SKU-022,WH-2,424
2025-11-19,SKU-023,WH-2,564
2025-11-19,SKU-024,WH-1,378
2025-11-19,SKU-025,WH-2,555
2025-11-19,SKU-026,WH-1,434
2025-11-19,SKU-027,WH-2,652
2025-11-19,SKU-028,WH-2,693
2025-11-19,SKU-029,WH-2,391
2025-11-19,SKU-030,WH-1,395
2025-11-20,SKU-001,WH-1,378
2025-11-20,SKU-002,WH-1,720
2025-11-20,SKU-003,WH-2,836
2025-11-20,SKU-004,WH-2,673
2025-11-20,SKU-005,WH-1,640
2025-11-20,SKU-006,WH-1,434
2025-11-20,SKU-007,WH-1,193
2025-11-20,SKU-008,WH-2,521
2025-11-20,SKU-009,WH-1,812
2025-11-20,SKU-010,WH-2,608
2025-11-20,SKU-011,WH-1,599
2025-11-20,SKU-012,WH-2,400
2025-11-20,SKU-013,WH-2,444
2025-11-20,SKU-014,WH-1,624
2025-11-20,SKU-015,WH-1,700
2025-11-20,SKU-016,WH-2,812
2025-11-20,SKU-017,WH-2,957
2025-11-20,SKU-018,WH-1,734
2025-11-20,SKU-019,WH-2,364
2025-11-20,SKU-020,WH-1,240
2025-11-20,SKU-021,WH-1,479
2025-11-20,SKU-022,WH-1,443
2025-11-20,SKU-023,WH-1,558
2025-11-20,SKU-024,WH-2,370
2025-11-20,SKU-025,WH-1,592
2025-11-20,SKU-026,WH-1,446
2025-11-20,SKU-027,WH-1,651
2025-11-20,SKU-028,WH-2,702
2025-11-20,SKU-029,WH-1,396
2025-11-20,SKU-030,WH-1,426
2025-11-21,SKU-001,WH-2,377
2025-11-21,SKU-002,WH-2,719
2025-11-21,SKU-003,WH-1,810
2025-11-21,SKU-004,WH-2,662
2025-11-21,SKU-005,WH-1,646
2025-11-21,SKU-006,WH-1,412
2025-11-21,SKU-007,WH-1,188
2025-11-21,SKU-008,WH-1,547
2025-11-21,SKU-009,WH-1,787
2025-11-21,SKU-010,WH-2,624
2025-11-21,SKU-011,WH-1,586
2025-11-21,SKU-012,WH-2,404
2025-11-21,SKU-013,WH-1,472
2025-11-21,SKU-014,WH-1,626
2025-11-21,SKU-015,WH-2,712
2025-11-21,SKU-016,WH-1,815
2025-11-21,SKU-017,WH-2,966
2025-11-21,SKU-018,WH-1,746
2025-11-21,SKU-019,WH-2,358
2025-11-21,SKU-020,WH-2,263
2025-11-21,SKU-021,WH-2,488
2025-11-21,SKU-022,WH-2,460
2025-11-21,SKU-023,WH-2,551
2025-11-21,SKU-024,WH-2,384
2025-11-21,SKU-025,WH-1,602
2025-11-21,SKU-026,WH-1,445
2025-11-21,SKU-027,WH-2,657
2025-11-21,SKU-028,WH-2,701
2025-11-21,SKU-029,WH-2,421
2025-11-21,SKU-030,WH-2,421
2025-11-22,SKU-001,WH-1,415
2025-11-22,SKU-002,WH-2,711
2025-11-22,SKU-003,WH-2,813
2025-11-22,SKU-004,WH-2,680
2025-11-22,SKU-005,WH-2,638
2025-11-22,SKU-006,WH-1,424
2025-11-22,SKU-007,WH-2,195
2025-11-22,SKU-008,WH-2,536
2025-11-22,SKU-009,WH-1,786
2025-11-22,SKU-010,WH-2,659
2025-11-22,SKU-011,WH-1,591
2025-11-22,SKU-012,WH-2,414
2025-11-22,SKU-013,WH-2,507
2025-11-22,SKU-014,WH-2,663
2025-11-22,SKU-015,WH-1,727
2025-11-22,SKU-016,WH-1,848
2025-11-22,SKU-017,WH-1,964
2025-11-22,SKU-018,WH-1,755
2025-11-22,SKU-019,WH-1,382
2025-11-22,SKU-020,WH-1,266
2025-11-22,SKU-021,WH-1,496
2025-11-22,SKU-022,WH-2,501
2025-11-22,SKU-023,WH-2,569
2025-11-22,SKU-024,WH-1,371
2025-11-22,SKU-025,WH-1,589
2025-11-22,SKU-026,WH-2,443
2025-11-22,SKU-027,WH-1,686
2025-11-22,SKU-028,WH-2,690
2025-11-22,SKU-029,WH-2,444
2025-11-22,SKU-030,WH-1,463
2025-11-23,SKU-001,WH-1,411
2025-11-23,SKU-002,WH-1,705
2025-11-23,SKU-003,WH-1,821
2025-11-23,SKU-004,WH-2,655
2025-11-23,SKU-005,WH-1,643
2025-11-23,SKU-006,WH-1,426
2025-11-23,SKU-007,WH-2,194
2025-11-23,SKU-008,WH-2,524
2025-11-23,SKU-009,WH-2,824
2025-11-23,SKU-010,WH-2,651
2025-11-23,SKU-011,WH-2,597
2025-11-23,SKU-012,WH-1,421
2025-11-23,SKU-013,WH-1,494
2025-11-23,SKU-014,WH-1,657
2025-11-23,SKU-015,WH-1,723
2025-11-23,SKU-016,WH-2,890
2025-11-23,SKU-017,WH-2,944
2025-11-23,SKU-018,WH-1,747
2025-11-23,SKU-019,WH-1,369
2025-11-23,SKU-020,WH-2,272
2025-11-23,SKU-021,WH-2,486
2025-11-23,SKU-022,WH-2,493
2025-11-23,SKU-023,WH-1,558
2025-11-23,SKU-024,WH-1,369
2025-11-23,SKU-025,WH-1,568
2025-11-23,SKU-026,WH-1,444
2025-11-23,SKU-027,WH-1,663
2025-11-23,SKU-028,WH-1,722
2025-11-23,SKU-029,WH-1,483
2025-11-23,SKU-030,WH-1,437
2025-11-24,SKU-001,WH-1,427
2025-11-24,SKU-002,WH-2,713
2025-11-24,SKU-003,WH-2,819
2025-11-24,SKU-004,WH-1,659
2025-11-24,SKU-005,WH-2,664
2025-11-24,SKU-006,WH-2,450
2025-11-24,SKU-007,WH-1,209
2025-11-24,SKU-008,WH-2,510
2025-11-24,SKU-009,WH-1,855
2025-11-24,SKU-010,WH-2,646
2025-11-24,SKU-011,WH-2,616
2025-11-24,SKU-012,WH-2,401
2025-11-24,SKU-013,WH-1,493
2025-11-24,SKU-014,WH-2,670
2025-11-24,SKU-015,WH-1,730
2025-11-24,SKU-016,WH-2,884
2025-11-24,SKU-017,WH-2,974
2025-11-24,SKU-018,WH-1,779
2025-11-24,SKU-019,WH-1,360
2025-11-24,SKU-020,WH-1,271
2025-11-24,SKU-021,WH-1,491
2025-11-24,SKU-022,WH-1,491
2025-11-24,SKU-023,WH-2,559
2025-11-24,SKU-024,WH-2,376
2025-11-24,SKU-025,WH-2,584
2025-11-24,SKU-026,WH-1,444
2025-11-24,SKU-027,WH-1,666
2025-11-24,SKU-028,WH-1,709
2025-11-24,SKU-029,WH-1,480
2025-11-24,SKU-030,WH-1,411
2025-11-25,SKU-001,WH-1,446
2025-11-25,SKU-002,WH-2,748
2025-11-25,SKU-003,WH-1,807
2025-11-25,SKU-004,WH-2,681
2025-11-25,SKU-005,WH-2,684
2025-11-25,SKU-006,WH-1,461
2025-11-25,SKU-007,WH-1,201
2025-11-25,SKU-008,WH-2,491
2025-11-25,SKU-009,WH-1,871
2025-11-25,SKU-010,WH-1,657
2025-11-25,SKU-011,WH-2,586
2025-11-25,SKU-012,WH-2,422
2025-11-25,SKU-013,WH-1,497
2025-11-25,SKU-014,WH-1,671
2025-11-25,SKU-015,WH-2,725
2025-11-25,SKU-016,WH-2,864
2025-11-25,SKU-017,WH-2,985
2025-11-25,SKU-018,WH-1,764
2025-11-25,SKU-019,WH-1,395
2025-11-25,SKU-020,WH-1,310
2025-11-25,SKU-021,WH-2,495
2025-11-25,SKU-022,WH-2,486
2025-11-25,SKU-023,WH-2,543
2025-11-25,SKU-024,WH-2,354
2025-11-25,SKU-025,WH-2,622
2025-11-25,SKU-026,WH-1,461
2025-11-25,SKU-027,WH-2,677
2025-11-25,SKU-028,WH-1,712
2025-11-25,SKU-029,WH-1,506
2025-11-25,SKU-030,WH-2,396
2025-11-26,SKU-001,WH-1,459
2025-11-26,SKU-002,WH-1,721
2025-11-26,SKU-003,WH-2,821
2025-11-26,SKU-004,WH-2,669
2025-11-26,SKU-005,WH-2,694
2025-11-26,SKU-006,WH-1,488
2025-11-26,SKU-007,WH-1,190
2025-11-26,SKU-008,WH-2,515
2025-11-26,SKU-009,WH-1,850
2025-11-26,SKU-010,WH-1,661
2025-11-26,SKU-011,WH-2,581
2025-11-26,SKU-012,WH-1,445
2025-11-26,SKU-013,WH-2,485
2025-11-26,SKU-014,WH-1,702
2025-11-26,SKU-015,WH-2,733
2025-11-26,SKU-016,WH-1,877
2025-11-26,SKU-017,WH-2,1008
2025-11-26,SKU-018,WH-2,764
2025-11-26,SKU-019,WH-1,385
2025-11-26,SKU-020,WH-2,329
2025-11-26,SKU-021,WH-2,475
2025-11-26,SKU-022,WH-1,496
2025-11-26,SKU-023,WH-1,526
2025-11-26,SKU-024,WH-2,332
2025-11-26,SKU-025,WH-2,645
2025-11-26,SKU-026,WH-2,444
2025-11-26,SKU-027,WH-2,674
2025-11-26,SKU-028,WH-1,720
2025-11-26,SKU-029,WH-2,495
2025-11-26,SKU-030,WH-2,405
2025-11-27,SKU-001,WH-2,457
2025-11-27,SKU-002,WH-2,718
2025-11-27,SKU-003,WH-2,801
2025-11-27,SKU-004,WH-1,682
2025-11-27,SKU-005,WH-1,699
2025-11-27,SKU-006,WH-2,508
2025-11-27,SKU-007,WH-2,203
2025-11-27,SKU-008,WH-2,527
2025-11-27,SKU-009,WH-2,844
2025-11-27,SKU-010,WH-2,672
2025-11-27,SKU-011,WH-2,561
2025-11-27,SKU-012,WH-2,443
2025-11-27,SKU-013,WH-1,466
2025-11-27,SKU-014,WH-1,696
2025-11-27,SKU-015,WH-2,745
2025-11-27,SKU-016,WH-2,917
2025-11-27,SKU-017,WH-2,1013
2025-11-27,SKU-018,WH-1,764
2025-11-27,SKU-019,WH-2,390
2025-11-27,SKU-020,WH-2,321
2025-11-27,SKU-021,WH-1,470
2025-11-27,SKU-022,WH-2,519
2025-11-27,SKU-023,WH-2,529
2025-11-27,SKU-024,WH-2,335
2025-11-27,SKU-025,WH-2,634
2025-11-27,SKU-026,WH-2,439
2025-11-27,SKU-027,WH-2,704
2025-11-27,SKU-028,WH-2,748
2025-11-27,SKU-029,WH-2,489
2025-11-27,SKU-030,WH-1,397
2025-11-28,SKU-001,WH-1,470
2025-11-28,SKU-002,WH-2,744
2025-11-28,SKU-003,WH-2,780
2025-11-28,SKU-004,WH-2,704
2025-11-28,SKU-005,WH-1,699
2025-11-28,SKU-006,WH-2,511
2025-11-28,SKU-007,WH-1,202
2025-11-28,SKU-008,WH-1,540
2025-11-28,SKU-009,WH-2,857
2025-11-28,SKU-010,WH-1,671
2025-11-28,SKU-011,WH-1,570
2025-11-28,SKU-012,WH-2,439
2025-11-28,SKU-013,WH-1,462
2025-11-28,SKU-014,WH-1,707
2025-11-28,SKU-015,WH-2,761
2025-11-28,SKU-016,WH-1,912
2025-11-28,SKU-017,WH-2,990
2025-11-28,SKU-018,WH-2,764
2025-11-28,SKU-019,WH-1,403
2025-11-28,SKU-020,WH-2,325
2025-11-28,SKU-021,WH-1,483
2025-11-28,SKU-022,WH-2,531
2025-11-28,SKU-023,WH-1,558
2025-11-28,SKU-024,WH-2,360
2025-11-28,SKU-025,WH-2,645
2025-11-28,SKU-026,WH-2,430
2025-11-28,SKU-027,WH-1,681
2025-11-28,SKU-028,WH-1,775
2025-11-28,SKU-029,WH-2,498
2025-11-28,SKU-030,WH-2,398
2025-11-29,SKU-001,WH-1,470
2025-11-29,SKU-002,WH-1,726
2025-11-29,SKU-003,WH-2,790
2025-11-29,SKU-004,WH-2,699
2025-11-29,SKU-005,WH-1,674
2025-11-29,SKU-006,WH-2,504
2025-11-29,SKU-007,WH-1,226
2025-11-29,SKU-008,WH-2,527
2025-11-29,SKU-009,WH-1,887
2025-11-29,SKU-010,WH-1,698
2025-11-29,SKU-011,WH-1,593
2025-11-29,SKU-012,WH-1,474
2025-11-29,SKU-013,WH-1,489
2025-11-29,SKU-014,WH-1,683
2025-11-29,SKU-015,WH-2,758
2025-11-29,SKU-016,WH-2,944
2025-11-29,SKU-017,WH-2,1002
2025-11-29,SKU-018,WH-1,749
2025-11-29,SKU-019,WH-2,423
2025-11-29,SKU-020,WH-1,344
2025-11-29,SKU-021,WH-2,486
2025-11-29,SKU-022,WH-2,524
2025-11-29,SKU-023,WH-1,591
2025-11-29,SKU-024,WH-1,386
2025-11-29,SKU-025,WH-2,653
2025-11-29,SKU-026,WH-2,447
2025-11-29,SKU-027,WH-1,674
2025-11-29,SKU-028,WH-2,805
2025-11-29,SKU-029,WH-2,507
2025-11-29,SKU-030,WH-1,407
2025-11-30,SKU-001,WH-2,453
2025-11-30,SKU-002,WH-2,718
2025-11-30,SKU-003,WH-2,791
2025-11-30,SKU-004,WH-2,698
2025-11-30,SKU-005,WH-1,686
2025-11-30,SKU-006,WH-1,510
2025-11-30,SKU-007,WH-1,233
2025-11-30,SKU-008,WH-2,528
2025-11-30,SKU-009,WH-2,898
2025-11-30,SKU-010,WH-1,708
2025-11-30,SKU-011,WH-1,595
2025-11-30,SKU-012,WH-1,492
2025-11-30,SKU-013,WH-1,520
2025-11-30,SKU-014,WH-1,711
2025-11-30,SKU-015,WH-1,751
2025-11-30,SKU-016,WH-1,932
2025-11-30,SKU-017,WH-1,990
2025-11-30,SKU-018,WH-2,738
2025-11-30,SKU-019,WH-2,422
2025-11-30,SKU-020,WH-1,327
2025-11-30,SKU-021,WH-1,507
2025-11-30,SKU-022,WH-2,513
2025-11-30,SKU-023,WH-2,570
2025-11-30,SKU-024,WH-2,412
2025-11-30,SKU-025,WH-2,664
2025-11-30,SKU-026,WH-1,466
2025-11-30,SKU-027,WH-2,671
2025-11-30,SKU-028,WH-2,821
2025-11-30,SKU-029,WH-2,525
2025-11-30,SKU-030,WH-2,405
2025-12-01,SKU-001,WH-2,470
2025-12-01,SKU-002,WH-2,741
2025-12-01,SKU-003,WH-2,775
2025-12-01,SKU-004,WH-2,693
2025-12-01,SKU-005,WH-1,705
2025-12-01,SKU-006,WH-2,536
2025-12-01,SKU-007,WH-2,243
2025-12-01,SKU-008,WH-2,535
2025-12-01,SKU-009,WH-1,891
2025-12-01,SKU-010,WH-2,714
2025-12-01,SKU-011,WH-2,572
2025-12-01,SKU-012,WH-1,492
2025-12-01,SKU-013,WH-1,544
2025-12-01,SKU-014,WH-2,703
2025-12-01,SKU-015,WH-2,780
2025-12-01,SKU-016,WH-2,969
2025-12-01,SKU-017,WH-2,980
2025-12-01,SKU-018,WH-1,769
2025-12-01,SKU-019,WH-1,416
2025-12-01,SKU-020,WH-1,332
2025-12-01,SKU-021,WH-2,542
2025-12-01,SKU-022,WH-1,526
2025-12-01,SKU-023,WH-1,576
2025-12-01,SKU-024,WH-1,432
2025-12-01,SKU-025,WH-2,700
2025-12-01,SKU-026,WH-1,471
2025-12-01,SKU-027,WH-2,668
2025-12-01,SKU-028,WH-1,836
2025-12-01,SKU-029,WH-2,524
2025-12-01,SKU-030,WH-2,388
2025-12-02,SKU-001,WH-2,476
2025-12-02,SKU-002,WH-1,754
2025-12-02,SKU-003,WH-2,783
2025-12-02,SKU-004,WH-2,727
2025-12-02,SKU-005,WH-2,721
2025-12-02,SKU-006,WH-2,543
2025-12-02,SKU-007,WH-2,286
2025-12-02,SKU-008,WH-2,551
2025-12-02,SKU-009,WH-2,899
2025-12-02,SKU-010,WH-2,713
2025-12-02,SKU-011,WH-1,596
2025-12-02,SKU-012,WH-2,529
2025-12-02,SKU-013,WH-2,546
2025-12-02,SKU-014,WH-1,690
2025-12-02,SKU-015,WH-2,758
2025-12-02,SKU-016,WH-1,996
2025-12-02,SKU-017,WH-2,1008
2025-12-02,SKU-018,WH-1,788
2025-12-02,SKU-019,WH-2,436
2025-12-02,SKU-020,WH-2,307
2025-12-02,SKU-021,WH-2,534
2025-12-02,SKU-022,WH-1,558
2025-12-02,SKU-023,WH-2,570
2025-12-02,SKU-024,WH-1,444
2025-12-02,SKU-025,WH-2,695
2025-12-02,SKU-026,WH-1,480
2025-12-02,SKU-027,WH-2,654
2025-12-02,SKU-028,WH-1,834
2025-12-02,SKU-029,WH-2,510
2025-12-02,SKU-030,WH-1,424
2025-12-03,SKU-001,WH-1,474
2025-12-03,SKU-002,WH-2,734
2025-12-03,SKU-003,WH-1,770
2025-12-03,SKU-004,WH-2,736
2025-12-03,SKU-005,WH-1,709
2025-12-03,SKU-006,WH-1,526
2025-12-03,SKU-007,WH-2,303
2025-12-03,SKU-008,WH-2,535
2025-12-03,SKU-009,WH-1,887
2025-12-03,SKU-010,WH-1,718
2025-12-03,SKU-011,WH-1,586
2025-12-03,SKU-012,WH-1,530
2025-12-03,SKU-013,WH-2,546
2025-12-03,SKU-014,WH-2,698
2025-12-03,SKU-015,WH-1,771
2025-12-03,SKU-016,WH-2,1023
2025-12-03,SKU-017,WH-1,1020
2025-12-03,SKU-018,WH-1,814
2025-12-03,SKU-019,WH-2,449
2025-12-03,SKU-020,WH-1,313
2025-12-03,SKU-021,WH-1,553
2025-12-03,SKU-022,WH-2,568
2025-12-03,SKU-023,WH-1,560
2025-12-03,SKU-024,WH-2,444
2025-12-03,SKU-025,WH-1,695
2025-12-03,SKU-026,WH-2,463
2025-12-03,SKU-027,WH-2,651
2025-12-03,SKU-028,WH-2,845
2025-12-03,SKU-029,WH-1,527
2025-12-03,SKU-030,WH-2,413
2025-12-04,SKU-001,WH-1,482
2025-12-04,SKU-002,WH-2,734
2025-12-04,SKU-003,WH-2,781
2025-12-04,SKU-004,WH-2,718
2025-12-04,SKU-005,WH-2,721
2025-12-04,SKU-006,WH-2,543
2025-12-04,SKU-007,WH-1,300
2025-12-04,SKU-008,WH-2,529
2025-12-04,SKU-009,WH-1,887
2025-12-04,SKU-010,WH-2,751
2025-12-04,SKU-011,WH-2,600
2025-12-04,SKU-012,WH-2,533
2025-12-04,SKU-013,WH-1,535
2025-12-04,SKU-014,WH-1,703
2025-12-04,SKU-015,WH-2,752
2025-12-04,SKU-016,WH-2,1041
2025-12-04,SKU-017,WH-2,1025
2025-12-04,SKU-018,WH-1,787
2025-12-04,SKU-019,WH-1,478
2025-12-04,SKU-020,WH-2,292
2025-12-04,SKU-021,WH-2,528
2025-12-04,SKU-022,WH-1,558
2025-12-04,SKU-023,WH-2,535
2025-12-04,SKU-024,WH-1,463
2025-12-04,SKU-025,WH-1,689
2025-12-04,SKU-026,WH-1,463
2025-12-04,SKU-027,WH-1,624
2025-12-04,SKU-028,WH-1,854
2025-12-04,SKU-029,WH-2,563
2025-12-04,SKU-030,WH-1,389
2025-12-05,SKU-001,WH-2,498
2025-12-05,SKU-002,WH-2,735
2025-12-05,SKU-003,WH-1,758
2025-12-05,SKU-004,WH-2,723
2025-12-05,SKU-005,WH-2,742
2025-12-05,SKU-006,WH-1,536
2025-12-05,SKU-007,WH-2,303
2025-12-05,SKU-008,WH-2,555
2025-12-05,SKU-009,WH-2,879
2025-12-05,SKU-010,WH-1,730
2025-12-05,SKU-011,WH-2,601
2025-12-05,SKU-012,WH-2,544
2025-12-05,SKU-013,WH-1,549
2025-12-05,SKU-014,WH-2,704
2025-12-05,SKU-015,WH-2,761
2025-12-05,SKU-016,WH-2,1059
2025-12-05,SKU-017,WH-2,1017
2025-12-05,SKU-018,WH-2,802
2025-12-05,SKU-019,WH-1,500
2025-12-05,SKU-020,WH-2,266
2025-12-05,SKU-021,WH-1,550
2025-12-05,SKU-022,WH-1,578
2025-12-05,SKU-023,WH-2,545
2025-12-05,SKU-024,WH-1,457
2025-12-05,SKU-025,WH-2,674
2025-12-05,SKU-026,WH-2,487
2025-12-05,SKU-027,WH-2,640
2025-12-05,SKU-028,WH-1,858
2025-12-05,SKU-029,WH-1,586
2025-12-05,SKU-030,WH-2,420
2025-12-06,SKU-001,WH-1,535
2025-12-06,SKU-002,WH-1,710
2025-12-06,SKU-003,WH-2,738
2025-12-06,SKU-004,WH-1,730
2025-12-06,SKU-005,WH-1,733
2025-12-06,SKU-006,WH-1,550
2025-12-06,SKU-007,WH-1,325
2025-12-06,SKU-008,WH-1,580
2025-12-06,SKU-009,WH-2,913
2025-12-06,SKU-010,WH-2,743
2025-12-06,SKU-011,WH-1,597
2025-12-06,SKU-012,WH-1,568
2025-12-06,SKU-013,WH-2,560
2025-12-06,SKU-014,WH-1,685
2025-12-06,SKU-015,WH-2,747
2025-12-06,SKU-016,WH-2,1079
2025-12-06,SKU-017,WH-2,1026
2025-12-06,SKU-018,WH-1,808
2025-12-06,SKU-019,WH-1,468
2025-12-06,SKU-020,WH-2,301
2025-12-06,SKU-021,WH-2,567
2025-12-06,SKU-022,WH-1,590
2025-12-06,SKU-023,WH-2,566
2025-12-06,SKU-024,WH-1,464
2025-12-06,SKU-025,WH-1,662
2025-12-06,SKU-026,WH-1,496
2025-12-06,SKU-027,WH-2,631
2025-12-06,SKU-028,WH-2,875
2025-12-06,SKU-029,WH-2,589
2025-12-06,SKU-030,WH-2,429
2025-12-07,SKU-001,WH-1,531
2025-12-07,SKU-002,WH-2,729
2025-12-07,SKU-003,WH-2,737
2025-12-07,SKU-004,WH-1,719
2025-12-07,SKU-005,WH-1,751
2025-12-07,SKU-006,WH-1,560
2025-12-07,SKU-007,WH-1,329
2025-12-07,SKU-008,WH-2,592
2025-12-07,SKU-009,WH-2,928
2025-12-07,SKU-010,WH-2,742
2025-12-07,SKU-011,WH-2,598
2025-12-07,SKU-012,WH-1,588
2025-12-07,SKU-013,WH-2,560
2025-12-07,SKU-014,WH-1,708
2025-12-07,SKU-015,WH-1,747
2025-12-07,SKU-016,WH-2,1077
2025-12-07,SKU-017,WH-2,1020
2025-12-07,SKU-018,WH-2,832
2025-12-07,SKU-019,WH-2,442
2025-12-07,SKU-020,WH-2,323
2025-12-07,SKU-021,WH-2,583
2025-12-07,SKU-022,WH-1,604
2025-12-07,SKU-023,WH-1,577
2025-12-07,SKU-024,WH-2,465
2025-12-07,SKU-025,WH-1,690
2025-12-07,SKU-026,WH-1,517
2025-12-07,SKU-027,WH-2,607
2025-12-07,SKU-028,WH-2,849
2025-12-07,SKU-029,WH-2,598
2025-12-07,SKU-030,WH-2,435
2025-12-08,SKU-001,WH-2,568
2025-12-08,SKU-002,WH-1,721
2025-12-08,SKU-003,WH-2,754
2025-12-08,SKU-004,WH-2,702
2025-12-08,SKU-005,WH-1,766
2025-12-08,SKU-006,WH-1,568
2025-12-08,SKU-007,WH-2,325
2025-12-08,SKU-008,WH-1,599
2025-12-08,SKU-009,WH-1,938
2025-12-08,SKU-010,WH-2,724
2025-12-08,SKU-011,WH-1,602
2025-12-08,SKU-012,WH-2,598
2025-12-08,SKU-013,WH-2,560
2025-12-08,SKU-014,WH-2,714
2025-12-08,SKU-015,WH-2,769
2025-12-08,SKU-016,WH-2,1074
2025-12-08,SKU-017,WH-2,1033
2025-12-08,SKU-018,WH-1,836
2025-12-08,SKU-019,WH-1,470
2025-12-08,SKU-020,WH-2,331
2025-12-08,SKU-021,WH-2,577
2025-12-08,SKU-022,WH-2,623
2025-12-08,SKU-023,WH-2,583
2025-12-08,SKU-024,WH-1,494
2025-12-08,SKU-025,WH-2,687
2025-12-08,SKU-026,WH-2,544
2025-12-08,SKU-027,WH-2,607
2025-12-08,SKU-028,WH-1,833
2025-12-08,SKU-029,WH-2,586
2025-12-08,SKU-030,WH-1,449
2025-12-09,SKU-001,WH-2,571
2025-12-09,SKU-002,WH-1,734
2025-12-09,SKU-003,WH-1,756
2025-12-09,SKU-004,WH-1,707
2025-12-09,SKU-005,WH-1,753
2025-12-09,SKU-006,WH-1,589
2025-12-09,SKU-007,WH-1,349
2025-12-09,SKU-008,WH-1,598
2025-12-09,SKU-009,WH-2,964
2025-12-09,SKU-010,WH-2,719
2025-12-09,SKU-011,WH-2,614
2025-12-09,SKU-012,WH-2,635
2025-12-09,SKU-013,WH-2,578
2025-12-09,SKU-014,WH-2,739
2025-12-09,SKU-015,WH-2,789
2025-12-09,SKU-016,WH-2,1071
2025-12-09,SKU-017,WH-2,1043
2025-12-09,SKU-018,WH-1,834
2025-12-09,SKU-019,WH-1,468
2025-12-09,SKU-020,WH-1,332
2025-12-09,SKU-021,WH-2,601
2025-12-09,SKU-022,WH-2,637
2025-12-09,SKU-023,WH-2,584
2025-12-09,SKU-024,WH-2,494
2025-12-09,SKU-025,WH-2,698
2025-12-09,SKU-026,WH-2,561
2025-12-09,SKU-027,WH-2,594
2025-12-09,SKU-028,WH-2,823
2025-12-09,SKU-029,WH-1,596
2025-12-09,SKU-030,WH-2,448
2025-12-10,SKU-001,WH-2,603
2025-12-10,SKU-002,WH-2,736
2025-12-10,SKU-003,WH-2,785
2025-12-10,SKU-004,WH-2,727
2025-12-10,SKU-005,WH-2,741
2025-12-10,SKU-006,WH-2,576
2025-12-10,SKU-007,WH-1,369
2025-12-10,SKU-008,WH-1,591
2025-12-10,SKU-009,WH-2,940
2025-12-10,SKU-010,WH-1,730
2025-12-10,SKU-011,WH-2,652
2025-12-10,SKU-012,WH-2,636
2025-12-10,SKU-013,WH-2,578
2025-12-10,SKU-014,WH-1,726
2025-12-10,SKU-015,WH-2,802
2025-12-10,SKU-016,WH-1,1073
2025-12-10,SKU-017,WH-2,1063
2025-12-10,SKU-018,WH-1,822
2025-12-10,SKU-019,WH-1,504
2025-12-10,SKU-020,WH-2,352
2025-12-10,SKU-021,WH-1,574
2025-12-10,SKU-022,WH-1,618
2025-12-10,SKU-023,WH-1,560
2025-12-10,SKU-024,WH-2,495
2025-12-10,SKU-025,WH-2,729
2025-12-10,SKU-026,WH-2,564
2025-12-10,SKU-027,WH-1,568
2025-12-10,SKU-028,WH-1,823
2025-12-10,SKU-029,WH-2,616
2025-12-10,SKU-030,WH-1,459
2025-12-11,SKU-001,WH-2,592
2025-12-11,SKU-002,WH-1,716
2025-12-11,SKU-003,WH-1,820
2025-12-11,SKU-004,WH-1,768
2025-12-11,SKU-005,WH-2,758
2025-12-11,SKU-006,WH-2,602
2025-12-11,SKU-007,WH-1,368
2025-12-11,SKU-008,WH-2,588
2025-12-11,SKU-009,WH-1,962
2025-12-11,SKU-010,WH-1,733
2025-12-11,SKU-011,WH-1,662
2025-12-11,SKU-012,WH-2,651
2025-12-11,SKU-013,WH-1,599
2025-12-11,SKU-014,WH-1,740
2025-12-11,SKU-015,WH-2,814
2025-12-11,SKU-016,WH-2,1043
2025-12-11,SKU-017,WH-2,1079
2025-12-11,SKU-018,WH-2,829
2025-12-11,SKU-019,WH-1,483
2025-12-11,SKU-020,WH-1,347
2025-12-11,SKU-021,WH-1,568
2025-12-11,SKU-022,WH-1,616
2025-12-11,SKU-023,WH-2,567
2025-12-11,SKU-024,WH-2,489
2025-12-11,SKU-025,WH-2,755
2025-12-11,SKU-026,WH-2,595
2025-12-11,SKU-027,WH-2,593
2025-12-11,SKU-028,WH-1,819
2025-12-11,SKU-029,WH-1,611
2025-12-11,SKU-030,WH-2,476
2025-12-12,SKU-001,WH-1,583
2025-12-12,SKU-002,WH-1,740
2025-12-12,SKU-003,WH-2,847
2025-12-12,SKU-004,WH-2,772
2025-12-12,SKU-005,WH-2,770
2025-12-12,SKU-006,WH-1,597
2025-12-12,SKU-007,WH-2,361
2025-12-12,SKU-008,WH-1,588
2025-12-12,SKU-009,WH-2,944
2025-12-12,SKU-010,WH-2,735
2025-12-12,SKU-011,WH-2,652
2025-12-12,SKU-012,WH-1,627
2025-12-12,SKU-013,WH-1,581
2025-12-12,SKU-014,WH-2,711
2025-12-12,SKU-015,WH-1,855
2025-12-12,SKU-016,WH-1,1054
2025-12-12,SKU-017,WH-2,1083
2025-12-12,SKU-018,WH-1,838
2025-12-12,SKU-019,WH-1,468
2025-12-12,SKU-020,WH-2,358
2025-12-12,SKU-021,WH-2,572
2025-12-12,SKU-022,WH-1,636
2025-12-12,SKU-023,WH-1,575
2025-12-12,SKU-024,WH-2,501
2025-12-12,SKU-025,WH-2,781
2025-12-12,SKU-026,WH-2,576
2025-12-12,SKU-027,WH-1,594
2025-12-12,SKU-028,WH-1,836
2025-12-12,SKU-029,WH-1,611
2025-12-12,SKU-030,WH-1,470
2025-12-13,SKU-001,WH-2,609
2025-12-13,SKU-002,WH-1,732
2025-12-13,SKU-003,WH-2,848
2025-12-13,SKU-004,WH-2,800
2025-12-13,SKU-005,WH-2,783
2025-12-13,SKU-006,WH-1,604
2025-12-13,SKU-007,WH-2,349
2025-12-13,SKU-008,WH-1,593
2025-12-13,SKU-009,WH-2,927
2025-12-13,SKU-010,WH-1,732
2025-12-13,SKU-011,WH-2,671
2025-12-13,SKU-012,WH-2,641
2025-12-13,SKU-013,WH-2,594
2025-12-13,SKU-014,WH-1,713
2025-12-13,SKU-015,WH-1,846
2025-12-13,SKU-016,WH-2,1078
2025-12-13,SKU-017,WH-1,1111
2025-12-13,SKU-018,WH-2,835
2025-12-13,SKU-019,WH-1,472
2025-12-13,SKU-020,WH-1,366
2025-12-13,SKU-021,WH-2,580
2025-12-13,SKU-022,WH-2,640
2025-12-13,SKU-023,WH-2,577
2025-12-13,SKU-024,WH-1,496
2025-12-13,SKU-025,WH-2,796
2025-12-13,SKU-026,WH-2,595
2025-12-13,SKU-027,WH-1,600
2025-12-13,SKU-028,WH-2,818
2025-12-13,SKU-029,WH-1,616
2025-12-13,SKU-030,WH-2,468
2025-12-14,SKU-001,WH-2,613
2025-12-14,SKU-002,WH-2,754
2025-12-14,SKU-003,WH-2,860
2025-12-14,SKU-004,WH-1,818
2025-12-14,SKU-005,WH-1,810
2025-12-14,SKU-006,WH-2,584
2025-12-14,SKU-007,WH-2,371
2025-12-14,SKU-008,WH-2,599
2025-12-14,SKU-009,WH-2,952
2025-12-14,SKU-010,WH-1,754
2025-12-14,SKU-011,WH-1,684
2025-12-14,SKU-012,WH-2,630
2025-12-14,SKU-013,WH-1,606
2025-12-14,SKU-014,WH-1,708
2025-12-14,SKU-015,WH-2,826
2025-12-14,SKU-016,WH-1,1093
2025-12-14,SKU-017,WH-2,1120
2025-12-14,SKU-018,WH-2,859
2025-12-14,SKU-019,WH-2,480
2025-12-14,SKU-020,WH-1,369
2025-12-14,SKU-021,WH-1,580
2025-12-14,SKU-022,WH-1,639
2025-12-14,SKU-023,WH-1,579
2025-12-14,SKU-024,WH-2,514
2025-12-14,SKU-025,WH-2,808
2025-12-14,SKU-026,WH-1,633
2025-12-14,SKU-027,WH-2,618
2025-12-14,SKU-028,WH-2,809
2025-12-14,SKU-029,WH-2,624
2025-12-14,SKU-030,WH-1,492
2025-12-15,SKU-001,WH-1,618
2025-12-15,SKU-002,WH-2,768
2025-12-15,SKU-003,WH-2,885
2025-12-15,SKU-004,WH-1,821
2025-12-15,SKU-005,WH-2,823
2025-12-15,SKU-006,WH-1,610
2025-12-15,SKU-007,WH-1,388
2025-12-15,SKU-008,WH-1,589
2025-12-15,SKU-009,WH-1,928
2025-12-15,SKU-010,WH-1,764
2025-12-15,SKU-011,WH-1,677
2025-12-15,SKU-012,WH-1,640
2025-12-15,SKU-013,WH-2,623
2025-12-15,SKU-014,WH-1,713
2025-12-15,SKU-015,WH-1,866
2025-12-15,SKU-016,WH-2,1117
2025-12-15,SKU-017,WH-2,1121
2025-12-15,SKU-018,WH-1,861
2025-12-15,SKU-019,WH-2,478
2025-12-15,SKU-020,WH-1,383
2025-12-15,SKU-021,WH-1,558
2025-12-15,SKU-022,WH-1,675
2025-12-15,SKU-023,WH-1,610
2025-12-15,SKU-024,WH-2,509
2025-12-15,SKU-025,WH-2,842
2025-12-15,SKU-026,WH-1,634
2025-12-15,SKU-027,WH-2,627
2025-12-15,SKU-028,WH-2,806
2025-12-15,SKU-029,WH-2,634
2025-12-15,SKU-030,WH-2,496
2025-12-16,SKU-001,WH-1,593
2025-12-16,SKU-002,WH-1,782
2025-12-16,SKU-003,WH-2,877
2025-12-16,SKU-004,WH-2,844
2025-12-16,SKU-005,WH-1,817
2025-12-16,SKU-006,WH-2,612
2025-12-16,SKU-007,WH-2,399
2025-12-16,SKU-008,WH-2,573
2025-12-16,SKU-009,WH-1,919
2025-12-16,SKU-010,WH-1,764
2025-12-16,SKU-011,WH-1,680
2025-12-16,SKU-012,WH-2,642
2025-12-16,SKU-013,WH-2,644
2025-12-16,SKU-014,WH-2,705
2025-12-16,SKU-015,WH-1,866
2025-12-16,SKU-016,WH-2,1118
2025-12-16,SKU-017,WH-2,1126
2025-12-16,SKU-018,WH-1,839
2025-12-16,SKU-019,WH-2,495
2025-12-16,SKU-020,WH-1,367
2025-12-16,SKU-021,WH-1,560
2025-12-16,SKU-022,WH-1,684
2025-12-16,SKU-023,WH-2,605
2025-12-16,SKU-024,WH-1,522
2025-12-16,SKU-025,WH-1,848
2025-12-16,SKU-026,WH-2,650
2025-12-16,SKU-027,WH-2,619
2025-12-16,SKU-028,WH-2,835
2025-12-16,SKU-029,WH-1,626
2025-12-16,SKU-030,WH-1,500
2025-12-17,SKU-001,WH-1,593
2025-12-17,SKU-002,WH-2,770
2025-12-17,SKU-003,WH-2,857
2025-12-17,SKU-004,WH-1,837
2025-12-17,SKU-005,WH-1,822
2025-12-17,SKU-006,WH-1,639
2025-12-17,SKU-007,WH-2,381
2025-12-17,SKU-008,WH-1,584
2025-12-17,SKU-009,WH-1,911
2025-12-17,SKU-010,WH-1,799
2025-12-17,SKU-011,WH-2,713
2025-12-17,SKU-012,WH-2,669
2025-12-17,SKU-013,WH-2,638
2025-12-17,SKU-014,WH-2,699
2025-12-17,SKU-015,WH-1,851
2025-12-17,SKU-016,WH-2,1089
2025-12-17,SKU-017,WH-1,1113
2025-12-17,SKU-018,WH-2,860
2025-12-17,SKU-019,WH-1,499
2025-12-17,SKU-020,WH-2,355
2025-12-17,SKU-021,WH-2,568
2025-12-17,SKU-022,WH-1,673
2025-12-17,SKU-023,WH-2,595
2025-12-17,SKU-024,WH-2,541
2025-12-17,SKU-025,WH-1,820
2025-12-17,SKU-026,WH-2,647
2025-12-17,SKU-027,WH-1,599
2025-12-17,SKU-028,WH-2,846
2025-12-17,SKU-029,WH-1,620
2025-12-17,SKU-030,WH-1,478
2025-12-18,SKU-001,WH-1,631
2025-12-18,SKU-002,WH-1,804
2025-12-18,SKU-003,WH-2,868
2025-12-18,SKU-004,WH-1,808
2025-12-18,SKU-005,WH-2,826
2025-12-18,SKU-006,WH-1,648
2025-12-18,SKU-007,WH-1,406
2025-12-18,SKU-008,WH-2,590
2025-12-18,SKU-009,WH-1,943
2025-12-18,SKU-010,WH-1,829
2025-12-18,SKU-011,WH-1,735
2025-12-18,SKU-012,WH-1,660
2025-12-18,SKU-013,WH-1,645
2025-12-18,SKU-014,WH-2,696
2025-12-18,SKU-015,WH-2,862
2025-12-18,SKU-016,WH-2,1074
2025-12-18,SKU-017,WH-2,1099
2025-12-18,SKU-018,WH-1,869
2025-12-18,SKU-019,WH-2,502
2025-12-18,SKU-020,WH-1,375
2025-12-18,SKU-021,WH-2,548
2025-12-18,SKU-022,WH-2,645
2025-12-18,SKU-023,WH-2,607
2025-12-18,SKU-024,WH-2,535
2025-12-18,SKU-025,WH-2,818
2025-12-18,SKU-026,WH-1,654
2025-12-18,SKU-027,WH-2,598
2025-12-18,SKU-028,WH-1,851
2025-12-18,SKU-029,WH-1,618
2025-12-18,SKU-030,WH-2,479
2025-12-19,SKU-001,WH-2,649
2025-12-19,SKU-002,WH-2,842
2025-12-19,SKU-003,WH-1,874
2025-12-19,SKU-004,WH-1,828
2025-12-19,SKU-005,WH-2,828
2025-12-19,SKU-006,WH-1,671
2025-12-19,SKU-007,WH-2,430
2025-12-19,SKU-008,WH-1,603
2025-12-19,SKU-009,WH-1,960
2025-12-19,SKU-010,WH-1,841
2025-12-19,SKU-011,WH-1,764
2025-12-19,SKU-012,WH-1,660
2025-12-19,SKU-013,WH-2,659
2025-12-19,SKU-014,WH-1,720
2025-12-19,SKU-015,WH-2,890
2025-12-19,SKU-016,WH-2,1058
2025-12-19,SKU-017,WH-2,1081
2025-12-19,SKU-018,WH-1,882
2025-12-19,SKU-019,WH-2,491
2025-12-19,SKU-020,WH-2,405
2025-12-19,SKU-021,WH-2,542
2025-12-19,SKU-022,WH-1,654
2025-12-19,SKU-023,WH-1,633
2025-12-19,SKU-024,WH-1,553
2025-12-19,SKU-025,WH-1,859
2025-12-19,SKU-026,WH-1,665
2025-12-19,SKU-027,WH-2,579
2025-12-19,SKU-028,WH-1,843
2025-12-19,SKU-029,WH-1,626
2025-12-19,SKU-030,WH-2,501
2025-12-20,SKU-001,WH-1,635
2025-12-20,SKU-002,WH-1,823
2025-12-20,SKU-003,WH-1,877
2025-12-20,SKU-004,WH-1,815
2025-12-20,SKU-005,WH-2,810
2025-12-20,SKU-006,WH-2,693
2025-12-20,SKU-007,WH-2,432
2025-12-20,SKU-008,WH-2,597
2025-12-20,SKU-009,WH-2,954
2025-12-20,SKU-010,WH-2,867
2025-12-20,SKU-011,WH-2,779
2025-12-20,SKU-012,WH-1,664
2025-12-20,SKU-013,WH-1,682
2025-12-20,SKU-014,WH-2,731
2025-12-20,SKU-015,WH-1,890
2025-12-20,SKU-016,WH-1,1075
2025-12-20,SKU-017,WH-1,1079
2025-12-20,SKU-018,WH-2,883
2025-12-20,SKU-019,WH-2,483
2025-12-20,SKU-020,WH-2,425
2025-12-20,SKU-021,WH-1,552
2025-12-20,SKU-022,WH-2,675
2025-12-20,SKU-023,WH-2,655
2025-12-20,SKU-024,WH-2,587
2025-12-20,SKU-025,WH-1,857
2025-12-20,SKU-026,WH-2,655
2025-12-20,SKU-027,WH-2,557
2025-12-20,SKU-028,WH-1,833
2025-12-20,SKU-029,WH-1,642
2025-12-20,SKU-030,WH-1,504
2025-12-21,SKU-001,WH-1,669
2025-12-21,SKU-002,WH-1,832
2025-12-21,SKU-003,WH-2,883
2025-12-21,SKU-004,WH-2,788
2025-12-21,SKU-005,WH-1,821
2025-12-21,SKU-006,WH-1,693
2025-12-21,SKU-007,WH-1,453
2025-12-21,SKU-008,WH-1,604
2025-12-21,SKU-009,WH-2,973
2025-12-21,SKU-010,WH-2,884
2025-12-21,SKU-011,WH-1,774
2025-12-21,SKU-012,WH-1,693
2025-12-21,SKU-013,WH-2,696
2025-12-21,SKU-014,WH-1,731
2025-12-21,SKU-015,WH-2,908
2025-12-21,SKU-016,WH-1,1087
2025-12-21,SKU-017,WH-2,1060
2025-12-21,SKU-018,WH-1,899
2025-12-21,SKU-019,WH-2,473
2025-12-21,SKU-020,WH-2,433
2025-12-21,SKU-021,WH-1,531
2025-12-21,SKU-022,WH-2,681
2025-12-21,SKU-023,WH-1,662
2025-12-21,SKU-024,WH-1,590
2025-12-21,SKU-025,WH-1,847
2025-12-21,SKU-026,WH-2,661
2025-12-21,SKU-027,WH-2,549
2025-12-21,SKU-028,WH-2,831
2025-12-21,SKU-029,WH-2,632
2025-12-21,SKU-030,WH-1,508
2025-12-22,SKU-001,WH-2,656
2025-12-22,SKU-002,WH-2,852
2025-12-22,SKU-003,WH-2,882
2025-12-22,SKU-004,WH-2,771
2025-12-22,SKU-005,WH-2,830
2025-12-22,SKU-006,WH-1,687
2025-12-22,SKU-007,WH-2,475
2025-12-22,SKU-008,WH-1,622
2025-12-22,SKU-009,WH-2,958
2025-12-22,SKU-010,WH-1,883
2025-12-22,SKU-011,WH-1,795
2025-12-22,SKU-012,WH-2,703
2025-12-22,SKU-013,WH-1,704
2025-12-22,SKU-014,WH-1,751
2025-12-22,SKU-015,WH-2,908
2025-12-22,SKU-016,WH-1,1061
2025-12-22,SKU-017,WH-1,1089
2025-12-22,SKU-018,WH-2,921
2025-12-22,SKU-019,WH-2,476
2025-12-22,SKU-020,WH-2,450
2025-12-22,SKU-021,WH-2,533
2025-12-22,SKU-022,WH-2,691
2025-12-22,SKU-023,WH-2,699
2025-12-22,SKU-024,WH-2,600
2025-12-22,SKU-025,WH-2,851
2025-12-22,SKU-026,WH-2,660
2025-12-22,SKU-027,WH-2,552
2025-12-22,SKU-028,WH-2,820
2025-12-22,SKU-029,WH-1,623
2025-12-22,SKU-030,WH-2,493
2025-12-23,SKU-001,WH-2,669
2025-12-23,SKU-002,WH-2,888
2025-12-23,SKU-003,WH-1,877
2025-12-23,SKU-004,WH-2,759
2025-12-23,SKU-005,WH-1,850
2025-12-23,SKU-006,WH-2,689
2025-12-23,SKU-007,WH-1,473
2025-12-23,SKU-008,WH-1,635
2025-12-23,SKU-009,WH-1,1001
2025-12-23,SKU-010,WH-2,889
2025-12-23,SKU-011,WH-1,771
2025-12-23,SKU-012,WH-2,723
2025-12-23,SKU-013,WH-1,731
2025-12-23,SKU-014,WH-1,736
2025-12-23,SKU-015,WH-2,910
2025-12-23,SKU-016,WH-1,1093
2025-12-23,SKU-017,WH-2,1119
2025-12-23,SKU-018,WH-1,943
2025-12-23,SKU-019,WH-1,492
2025-12-23,SKU-020,WH-1,436
2025-12-23,SKU-021,WH-1,532
2025-12-23,SKU-022,WH-1,715
2025-12-23,SKU-023,WH-2,684
2025-12-23,SKU-024,WH-1,624
2025-12-23,SKU-025,WH-1,844
2025-12-23,SKU-026,WH-1,642
2025-12-23,SKU-027,WH-1,561
2025-12-23,SKU-028,WH-1,811
2025-12-23,SKU-029,WH-2,645
2025-12-23,SKU-030,WH-1,500
2025-12-24,SKU-001,WH-1,671
2025-12-24,SKU-002,WH-1,890
2025-12-24,SKU-003,WH-1,894
2025-12-24,SKU-004,WH-2,770
2025-12-24,SKU-005,WH-2,858
2025-12-24,SKU-006,WH-1,686
2025-12-24,SKU-007,WH-1,487
2025-12-24,SKU-008,WH-2,623
2025-12-24,SKU-009,WH-2,991
2025-12-24,SKU-010,WH-2,884
2025-12-24,SKU-011,WH-1,782
2025-12-24,SKU-012,WH-2,740
2025-12-24,SKU-013,WH-2,715
2025-12-24,SKU-014,WH-2,768
2025-12-24,SKU-015,WH-1,896
2025-12-24,SKU-016,WH-1,1119
2025-12-24,SKU-017,WH-2,1128
2025-12-24,SKU-018,WH-2,944
2025-12-24,SKU-019,WH-1,467
2025-12-24,SKU-020,WH-1,438
2025-12-24,SKU-021,WH-1,549
2025-12-24,SKU-022,WH-1,744
2025-12-24,SKU-023,WH-2,704
2025-12-24,SKU-024,WH-1,636
2025-12-24,SKU-025,WH-1,830
2025-12-24,SKU-026,WH-1,641
2025-12-24,SKU-027,WH-1,535
2025-12-24,SKU-028,WH-2,828
2025-12-24,SKU-029,WH-2,631
2025-12-24,SKU-030,WH-2,477
2025-12-25,SKU-001,WH-1,676
2025-12-25,SKU-002,WH-1,880
2025-12-25,SKU-003,WH-2,890
2025-12-25,SKU-004,WH-1,754
2025-12-25,SKU-005,WH-2,869
2025-12-25,SKU-006,WH-2,698
2025-12-25,SKU-007,WH-1,476
2025-12-25,SKU-008,WH-1,625
2025-12-25,SKU-009,WH-1,994
2025-12-25,SKU-010,WH-1,887
2025-12-25,SKU-011,WH-2,754
2025-12-25,SKU-012,WH-1,753
2025-12-25,SKU-013,WH-1,719
2025-12-25,SKU-014,WH-2,782
2025-12-25,SKU-015,WH-2,906
2025-12-25,SKU-016,WH-1,1121
2025-12-25,SKU-017,WH-2,1139
2025-12-25,SKU-018,WH-1,921
2025-12-25,SKU-019,WH-1,487
2025-12-25,SKU-020,WH-1,470
2025-12-25,SKU-021,WH-2,557
2025-12-25,SKU-022,WH-2,758
2025-12-25,SKU-023,WH-2,679
2025-12-25,SKU-024,WH-1,644
2025-12-25,SKU-025,WH-1,834
2025-12-25,SKU-026,WH-1,646
2025-12-25,SKU-027,WH-2,540
2025-12-25,SKU-028,WH-2,828
2025-12-25,SKU-029,WH-2,629
2025-12-25,SKU-030,WH-2,482
2025-12-26,SKU-001,WH-2,672
2025-12-26,SKU-002,WH-2,894
2025-12-26,SKU-003,WH-2,872
2025-12-26,SKU-004,WH-2,736
2025-12-26,SKU-005,WH-2,873
2025-12-26,SKU-006,WH-2,722
2025-12-26,SKU-007,WH-2,448
2025-12-26,SKU-008,WH-1,597
2025-12-26,SKU-009,WH-1,1026
2025-12-26,SKU-010,WH-2,879
2025-12-26,SKU-011,WH-2,742
2025-12-26,SKU-012,WH-1,748
2025-12-26,SKU-013,WH-1,739
2025-12-26,SKU-014,WH-1,813
2025-12-26,SKU-015,WH-1,925
2025-12-26,SKU-016,WH-1,1130
2025-12-26,SKU-017,WH-1,1165
2025-12-26,SKU-018,WH-2,920
2025-12-26,SKU-019,WH-2,472
2025-12-26,SKU-020,WH-2,465
2025-12-26,SKU-021,WH-2,553
2025-12-26,SKU-022,WH-1,748
2025-12-26,SKU-023,WH-2,687
2025-12-26,SKU-024,WH-1,664
2025-12-26,SKU-025,WH-2,844
2025-12-26,SKU-026,WH-1,682
2025-12-26,SKU-027,WH-2,559
2025-12-26,SKU-028,WH-1,816
2025-12-26,SKU-029,WH-2,659
2025-12-26,SKU-030,WH-2,461
2025-12-27,SKU-001,WH-1,696
2025-12-27,SKU-002,WH-1,907
2025-12-27,SKU-003,WH-2,874
2025-12-27,SKU-004,WH-1,737
2025-12-27,SKU-005,WH-1,907
2025-12-27,SKU-006,WH-1,712
2025-12-27,SKU-007,WH-1,455
2025-12-27,SKU-008,WH-1,614
2025-12-27,SKU-009,WH-1,1020
2025-12-27,SKU-010,WH-2,889
2025-12-27,SKU-011,WH-2,751
2025-12-27,SKU-012,WH-1,746
2025-12-27,SKU-013,WH-1,753
2025-12-27,SKU-014,WH-1,830
2025-12-27,SKU-015,WH-2,913
2025-12-27,SKU-016,WH-1,1122
2025-12-27,SKU-017,WH-1,1161
2025-12-27,SKU-018,WH-1,918
2025-12-27,SKU-019,WH-1,467
2025-12-27,SKU-020,WH-2,467
2025-12-27,SKU-021,WH-1,574
2025-12-27,SKU-022,WH-1,773
2025-12-27,SKU-023,WH-1,682
2025-12-27,SKU-024,WH-1,688
2025-12-27,SKU-025,WH-2,867
2025-12-27,SKU-026,WH-2,695
2025-12-27,SKU-027,WH-1,562
2025-12-27,SKU-028,WH-2,832
2025-12-27,SKU-029,WH-2,642
2025-12-27,SKU-030,WH-1,437
2025-12-28,SKU-001,WH-1,726
2025-12-28,SKU-002,WH-2,906
2025-12-28,SKU-003,WH-2,877
2025-12-28,SKU-004,WH-1,736
2025-12-28,SKU-005,WH-2,894
2025-12-28,SKU-006,WH-2,706
2025-12-28,SKU-007,WH-2,489
2025-12-28,SKU-008,WH-2,612
2025-12-28,SKU-009,WH-1,1052
2025-12-28,SKU-010,WH-1,906
2025-12-28,SKU-011,WH-2,760
2025-12-28,SKU-012,WH-1,748
2025-12-28,SKU-013,WH-2,753
2025-12-28,SKU-014,WH-2,827
2025-12-28,SKU-015,WH-1,906
2025-12-28,SKU-016,WH-1,1113
2025-12-28,SKU-017,WH-1,1145
2025-12-28,SKU-018,WH-1,910
2025-12-28,SKU-019,WH-1,467
2025-12-28,SKU-020,WH-2,446
2025-12-28,SKU-021,WH-1,587
2025-12-28,SKU-022,WH-1,800
2025-12-28,SKU-023,WH-2,682
2025-12-28,SKU-024,WH-2,703
2025-12-28,SKU-025,WH-1,849
2025-12-28,SKU-026,WH-2,685
2025-12-28,SKU-027,WH-1,588
2025-12-28,SKU-028,WH-2,842
2025-12-28,SKU-029,WH-2,653
2025-12-28,SKU-030,WH-2,439
2025-12-29,SKU-001,WH-2,752
2025-12-29,SKU-002,WH-1,935
2025-12-29,SKU-003,WH-1,871
2025-12-29,SKU-004,WH-1,730
2025-12-29,SKU-005,WH-2,886
2025-12-29,SKU-006,WH-1,689
2025-12-29,SKU-007,WH-2,467
2025-12-29,SKU-008,WH-1,628
2025-12-29,SKU-009,WH-2,1031
2025-12-29,SKU-010,WH-2,902
2025-12-29,SKU-011,WH-1,755
2025-12-29,SKU-012,WH-1,767
2025-12-29,SKU-013,WH-2,754
2025-12-29,SKU-014,WH-2,823
2025-12-29,SKU-015,WH-2,920
2025-12-29,SKU-016,WH-1,1112
2025-12-29,SKU-017,WH-2,1146
2025-12-29,SKU-018,WH-1,913
2025-12-29,SKU-019,WH-1,477
2025-12-29,SKU-020,WH-1,478
2025-12-29,SKU-021,WH-2,597
2025-12-29,SKU-022,WH-2,803
2025-12-29,SKU-023,WH-2,695
2025-12-29,SKU-024,WH-1,689
2025-12-29,SKU-025,WH-1,878
2025-12-29,SKU-026,WH-1,664
2025-12-29,SKU-027,WH-2,594
2025-12-29,SKU-028,WH-1,846
2025-12-29,SKU-029,WH-1,668
2025-12-29,SKU-030,WH-2,427
2025-12-30,SKU-001,WH-2,775
2025-12-30,SKU-002,WH-2,916
2025-12-30,SKU-003,WH-1,878
2025-12-30,SKU-004,WH-1,727
2025-12-30,SKU-005,WH-2,884
2025-12-30,SKU-006,WH-1,724
2025-12-30,SKU-007,WH-2,471
2025-12-30,SKU-008,WH-2,607
2025-12-30,SKU-009,WH-2,1064
2025-12-30,SKU-010,WH-1,894
2025-12-30,SKU-011,WH-1,747
2025-12-30,SKU-012,WH-1,769
2025-12-30,SKU-013,WH-1,765
2025-12-30,SKU-014,WH-1,794
2025-12-30,SKU-015,WH-1,950
2025-12-30,SKU-016,WH-2,1105
2025-12-30,SKU-017,WH-1,1137
2025-12-30,SKU-018,WH-1,927
2025-12-30,SKU-019,WH-2,489
2025-12-30,SKU-020,WH-1,476
2025-12-30,SKU-021,WH-1,612
2025-12-30,SKU-022,WH-2,800
2025-12-30,SKU-023,WH-1,725
2025-12-30,SKU-024,WH-1,700
2025-12-30,SKU-025,WH-2,880
2025-12-30,SKU-026,WH-2,641
2025-12-30,SKU-027,WH-1,616
2025-12-30,SKU-028,WH-2,863
2025-12-30,SKU-029,WH-2,695
2025-12-30,SKU-030,WH-1,406
2025-12-31,SKU-001,WH-1,773
2025-12-31,SKU-002,WH-1,927
2025-12-31,SKU-003,WH-2,867
2025-12-31,SKU-004,WH-2,738
2025-12-31,SKU-005,WH-1,870
2025-12-31,SKU-006,WH-2,754
2025-12-31,SKU-007,WH-2,507
2025-12-31,SKU-008,WH-2,606
2025-12-31,SKU-009,WH-2,1086
2025-12-31,SKU-010,WH-2,895
2025-12-31,SKU-011,WH-2,751
2025-12-31,SKU-012,WH-2,799
2025-12-31,SKU-013,WH-1,739
2025-12-31,SKU-014,WH-2,819
2025-12-31,SKU-015,WH-2,965
2025-12-31,SKU-016,WH-2,1131
2025-12-31,SKU-017,WH-1,1164
2025-12-31,SKU-018,WH-1,944
2025-12-31,SKU-019,WH-1,515
2025-12-31,SKU-020,WH-2,488
2025-12-31,SKU-021,WH-2,616
2025-12-31,SKU-022,WH-1,790
2025-12-31,SKU-023,WH-1,703
2025-12-31,SKU-024,WH-1,691
2025-12-31,SKU-025,WH-1,869
2025-12-31,SKU-026,WH-2,670
2025-12-31,SKU-027,WH-1,599
2025-12-31,SKU-028,WH-1,849
2025-12-31,SKU-029,WH-1,694
2025-12-31,SKU-030,WH-2,411
2026-01-01,SKU-001,WH-2,770
2026-01-01,SKU-002,WH-2,910
2026-01-01,SKU-003,WH-1,861
2026-01-01,SKU-004,WH-2,757
2026-01-01,SKU-005,WH-2,890
2026-01-01,SKU-006,WH-2,785
2026-01-01,SKU-007,WH-2,484
2026-01-01,SKU-008,WH-1,604
2026-01-01,SKU-009,WH-2,1090
2026-01-01,SKU-010,WH-1,890
2026-01-01,SKU-011,WH-1,737
2026-01-01,SKU-012,WH-1,793
2026-01-01,SKU-013,WH-2,744
2026-01-01,SKU-014,WH-2,807
2026-01-01,SKU-015,WH-2,957
2026-01-01,SKU-016,WH-1,1136
2026-01-01,SKU-017,WH-1,1146
2026-01-01,SKU-018,WH-1,977
2026-01-01,SKU-019,WH-2,511
2026-01-01,SKU-020,WH-2,490
2026-01-01,SKU-021,WH-1,616
2026-01-01,SKU-022,WH-1,792
2026-01-01,SKU-023,WH-1,712
2026-01-01,SKU-024,WH-1,665
2026-01-01,SKU-025,WH-1,855
2026-01-01,SKU-026,WH-1,651
2026-01-01,SKU-027,WH-2,586
2026-01-01,SKU-028,WH-2,860
2026-01-01,SKU-029,WH-1,717
2026-01-01,SKU-030,WH-2,422
2026-01-02,SKU-001,WH-2,773
2026-01-02,SKU-002,WH-2,930
2026-01-02,SKU-003,WH-2,848
2026-01-02,SKU-004,WH-2,732
2026-01-02,SKU-005,WH-2,907
2026-01-02,SKU-006,WH-1,800
2026-01-02,SKU-007,WH-1,500
2026-01-02,SKU-008,WH-1,598
2026-01-02,SKU-009,WH-1,1072
2026-01-02,SKU-010,WH-1,906
2026-01-02,SKU-011,WH-2,736
2026-01-02,SKU-012,WH-1,822
2026-01-02,SKU-013,WH-2,761
2026-01-02,SKU-014,WH-1,819
2026-01-02,SKU-015,WH-1,980
2026-01-02,SKU-016,WH-1,1142
2026-01-02,SKU-017,WH-1,1139
2026-01-02,SKU-018,WH-1,976
2026-01-02,SKU-019,WH-1,484
2026-01-02,SKU-020,WH-1,491
2026-01-02,SKU-021,WH-2,591
2026-01-02,SKU-022,WH-2,802
2026-01-02,SKU-023,WH-2,695
2026-01-02,SKU-024,WH-1,679
2026-01-02,SKU-025,WH-1,887
2026-01-02,SKU-026,WH-2,667
2026-01-02,SKU-027,WH-1,582
2026-01-02,SKU-028,WH-1,864
2026-01-02,SKU-029,WH-2,727
2026-01-02,SKU-030,WH-2,407
2026-01-03,SKU-001,WH-2,770
2026-01-03,SKU-002,WH-2,928
2026-01-03,SKU-003,WH-2,864
2026-01-03,SKU-004,WH-1,709
2026-01-03,SKU-005,WH-1,946
2026-01-03,SKU-006,WH-1,798
2026-01-03,SKU-007,WH-2,524
2026-01-03,SKU-008,WH-2,599
2026-01-03,SKU-009,WH-2,1080
2026-01-03,SKU-010,WH-1,925
2026-01-03,SKU-011,WH-1,723
2026-01-03,SKU-012,WH-1,817
2026-01-03,SKU-013,WH-1,744
2026-01-03,SKU-014,WH-2,828
2026-01-03,SKU-015,WH-2,986
2026-01-03,SKU-016,WH-2,1146
2026-01-03,SKU-017,WH-1,1151
2026-01-03,SKU-018,WH-1,984
2026-01-03,SKU-019,WH-1,501
2026-01-03,SKU-020,WH-2,503
2026-01-03,SKU-021,WH-1,604
2026-01-03,SKU-022,WH-2,813
2026-01-03,SKU-023,WH-2,701
2026-01-03,SKU-024,WH-1,684
2026-01-03,SKU-025,WH-2,909
2026-01-03,SKU-026,WH-1,690
2026-01-03,SKU-027,WH-2,592
2026-01-03,SKU-028,WH-2,857
2026-01-03,SKU-029,WH-1,746
2026-01-03,SKU-030,WH-1,392
2026-01-04,SKU-001,WH-2,763
2026-01-04,SKU-002,WH-1,900
2026-01-04,SKU-003,WH-2,878
2026-01-04,SKU-004,WH-2,724
2026-01-04,SKU-005,WH-2,953
2026-01-04,SKU-006,WH-1,788
2026-01-04,SKU-007,WH-1,511
2026-01-04,SKU-008,WH-2,591
2026-01-04,SKU-009,WH-1,1063
2026-01-04,SKU-010,WH-2,906
2026-01-04,SKU-011,WH-2,738
2026-01-04,SKU-012,WH-2,813
2026-01-04,SKU-013,WH-2,733
2026-01-04,SKU-014,WH-2,823
2026-01-04,SKU-015,WH-1,980
2026-01-04,SKU-016,WH-1,1172
2026-01-04,SKU-017,WH-1,1172
2026-01-04,SKU-018,WH-1,989
2026-01-04,SKU-019,WH-1,483
2026-01-04,SKU-020,WH-1,484
2026-01-04,SKU-021,WH-1,586
2026-01-04,SKU-022,WH-1,812
2026-01-04,SKU-023,WH-1,710
2026-01-04,SKU-024,WH-2,681
2026-01-04,SKU-025,WH-1,931
2026-01-04,SKU-026,WH-1,663
2026-01-04,SKU-027,WH-2,609
2026-01-04,SKU-028,WH-1,835
2026-01-04,SKU-029,WH-2,764
2026-01-04,SKU-030,WH-2,422
2026-01-05,SKU-001,WH-2,752
2026-01-05,SKU-002,WH-2,919
2026-01-05,SKU-003,WH-1,886
2026-01-05,SKU-004,WH-1,718
2026-01-05,SKU-005,WH-2,939
2026-01-05,SKU-006,WH-2,803
2026-01-05,SKU-007,WH-1,482
2026-01-05,SKU-008,WH-1,586
2026-01-05,SKU-009,WH-1,1071
2026-01-05,SKU-010,WH-2,897
2026-01-05,SKU-011,WH-1,742
2026-01-05,SKU-012,WH-2,840
2026-01-05,SKU-013,WH-1,721
2026-01-05,SKU-014,WH-1,840
2026-01-05,SKU-015,WH-2,965
2026-01-05,SKU-016,WH-1,1177
2026-01-05,SKU-017,WH-1,1160
2026-01-05,SKU-018,WH-2,1009
2026-01-05,SKU-019,WH-1,501
2026-01-05,SKU-020,WH-1,519
2026-01-05,SKU-021,WH-1,609
2026-01-05,SKU-022,WH-1,836
2026-01-05,SKU-023,WH-1,717
2026-01-05,SKU-024,WH-2,705
2026-01-05,SKU-025,WH-1,937
2026-01-05,SKU-026,WH-1,662
2026-01-05,SKU-027,WH-1,620
2026-01-05,SKU-028,WH-2,855
2026-01-05,SKU-029,WH-1,773
2026-01-05,SKU-030,WH-2,449
2026-01-06,SKU-001,WH-2,742
2026-01-06,SKU-002,WH-2,932
2026-01-06,SKU-003,WH-2,900
2026-01-06,SKU-004,WH-1,733
2026-01-06,SKU-005,WH-2,968
2026-01-06,SKU-006,WH-2,834
2026-01-06,SKU-007,WH-1,474
2026-01-06,SKU-008,WH-1,590
2026-01-06,SKU-009,WH-2,1096
2026-01-06,SKU-010,WH-1,870
2026-01-06,SKU-011,WH-1,767
2026-01-06,SKU-012,WH-2,822
2026-01-06,SKU-013,WH-2,744
2026-01-06,SKU-014,WH-2,828
2026-01-06,SKU-015,WH-2,947
2026-01-06,SKU-016,WH-1,1203
2026-01-06,SKU-017,WH-1,1138
2026-01-06,SKU-018,WH-1,1000
2026-01-06,SKU-019,WH-2,500
2026-01-06,SKU-020,WH-1,537
2026-01-06,SKU-021,WH-1,617
2026-01-06,SKU-022,WH-1,841
2026-01-06,SKU-023,WH-2,719
2026-01-06,SKU-024,WH-1,690
2026-01-06,SKU-025,WH-1,930
2026-01-06,SKU-026,WH-2,686
2026-01-06,SKU-027,WH-2,618
2026-01-06,SKU-028,WH-1,851
2026-01-06,SKU-029,WH-1,745
2026-01-06,SKU-030,WH-2,428
2026-01-07,SKU-001,WH-2,756
2026-01-07,SKU-002,WH-2,937
2026-01-07,SKU-003,WH-2,889
2026-01-07,SKU-004,WH-1,726
2026-01-07,SKU-005,WH-1,982
2026-01-07,SKU-006,WH-1,847
2026-01-07,SKU-007,WH-1,480
2026-01-07,SKU-008,WH-1,593
2026-01-07,SKU-009,WH-1,1101
2026-01-07,SKU-010,WH-2,899
2026-01-07,SKU-011,WH-1,772
2026-01-07,SKU-012,WH-1,853
2026-01-07,SKU-013,WH-1,770
2026-01-07,SKU-014,WH-1,819
2026-01-07,SKU-015,WH-2,958
2026-01-07,SKU-016,WH-1,1239
2026-01-07,SKU-017,WH-2,1155
2026-01-07,SKU-018,WH-2,983
2026-01-07,SKU-019,WH-1,524
2026-01-07,SKU-020,WH-2,542
2026-01-07,SKU-021,WH-2,644
2026-01-07,SKU-022,WH-1,837
2026-01-07,SKU-023,WH-1,735
2026-01-07,SKU-024,WH-2,678
2026-01-07,SKU-025,WH-1,919
2026-01-07,SKU-026,WH-1,687
2026-01-07,SKU-027,WH-2,613
2026-01-07,SKU-028,WH-1,877
2026-01-07,SKU-029,WH-2,761
2026-01-07,SKU-030,WH-2,443
2026-01-08,SKU-001,WH-1,734
2026-01-08,SKU-002,WH-2,962
2026-01-08,SKU-003,WH-1,864
2026-01-08,SKU-004,WH-2,749
2026-01-08,SKU-005,WH-2,976
2026-01-08,SKU-006,WH-2,858
2026-01-08,SKU-007,WH-1,478
2026-01-08,SKU-008,WH-1,627
2026-01-08,SKU-009,WH-2,1093
2026-01-08,SKU-010,WH-2,918
2026-01-08,SKU-011,WH-1,801
2026-01-08,SKU-012,WH-2,859
2026-01-08,SKU-013,WH-1,791
2026-01-08,SKU-014,WH-1,798
2026-01-08,SKU-015,WH-2,953
2026-01-08,SKU-016,WH-2,1228
2026-01-08,SKU-017,WH-2,1172
2026-01-08,SKU-018,WH-2,1018
2026-01-08,SKU-019,WH-1,562
2026-01-08,SKU-020,WH-1,542
2026-01-08,SKU-021,WH-2,638
2026-01-08,SKU-022,WH-1,853
2026-01-08,SKU-023,WH-2,741
2026-01-08,SKU-024,WH-2,681
2026-01-08,SKU-025,WH-2,938
2026-01-08,SKU-026,WH-1,707
2026-01-08,SKU-027,WH-2,598
2026-01-08,SKU-028,WH-2,860
2026-01-08,SKU-029,WH-2,762
2026-01-08,SKU-030,WH-1,456
2026-01-09,SKU-001,WH-1,738
2026-01-09,SKU-002,WH-2,951
2026-01-09,SKU-003,WH-2,845
2026-01-09,SKU-004,WH-1,729
2026-01-09,SKU-005,WH-2,980
2026-01-09,SKU-006,WH-1,878
2026-01-09,SKU-007,WH-2,480
2026-01-09,SKU-008,WH-1,609
2026-01-09,SKU-009,WH-2,1101
2026-01-09,SKU-010,WH-2,945
2026-01-09,SKU-011,WH-2,807
2026-01-09,SKU-012,WH-2,857
2026-01-09,SKU-013,WH-1,768
2026-01-09,SKU-014,WH-1,818
2026-01-09,SKU-015,WH-1,977
2026-01-09,SKU-016,WH-2,1264
2026-01-09,SKU-017,WH-1,1183
2026-01-09,SKU-018,WH-2,1016
2026-01-09,SKU-019,WH-2,575
2026-01-09,SKU-020,WH-1,556
2026-01-09,SKU-021,WH-1,642
2026-01-09,SKU-022,WH-2,851
2026-01-09,SKU-023,WH-2,712
2026-01-09,SKU-024,WH-1,694
2026-01-09,SKU-025,WH-1,918
2026-01-09,SKU-026,WH-2,737
2026-01-09,SKU-027,WH-2,585
2026-01-09,SKU-028,WH-1,850
2026-01-09,SKU-029,WH-1,791
2026-01-09,SKU-030,WH-2,462
2026-01-10,SKU-001,WH-2,763
2026-01-10,SKU-002,WH-2,957
2026-01-10,SKU-003,WH-2,833
2026-01-10,SKU-004,WH-1,720
2026-01-10,SKU-005,WH-2,975
2026-01-10,SKU-006,WH-2,903
2026-01-10,SKU-007,WH-2,497
2026-01-10,SKU-008,WH-1,646
2026-01-10,SKU-009,WH-1,1079
2026-01-10,SKU-010,WH-2,938
2026-01-10,SKU-011,WH-1,823
2026-01-10,SKU-012,WH-1,869
2026-01-10,SKU-013,WH-2,779
2026-01-10,SKU-014,WH-1,834
2026-01-10,SKU-015,WH-2,1017
2026-01-10,SKU-016,WH-1,1236
2026-01-10,SKU-017,WH-2,1206
2026-01-10,SKU-018,WH-2,1009
2026-01-10,SKU-019,WH-2,562
2026-01-10,SKU-020,WH-2,544
2026-01-10,SKU-021,WH-1,653
2026-01-10,SKU-022,WH-2,834
2026-01-10,SKU-023,WH-2,725
2026-01-10,SKU-024,WH-1,708
2026-01-10,SKU-025,WH-1,915
2026-01-10,SKU-026,WH-2,764
2026-01-10,SKU-027,WH-2,610
2026-01-10,SKU-028,WH-2,882
2026-01-10,SKU-029,WH-2,790
2026-01-10,SKU-030,WH-1,476
2026-01-11,SKU-001,WH-2,771
2026-01-11,SKU-002,WH-1,927
2026-01-11,SKU-003,WH-2,830
2026-01-11,SKU-004,WH-2,699
2026-01-11,SKU-005,WH-2,1003
2026-01-11,SKU-006,WH-1,879
2026-01-11,SKU-007,WH-1,489
2026-01-11,SKU-008,WH-1,635
2026-01-11,SKU-009,WH-1,1096
2026-01-11,SKU-010,WH-1,948
2026-01-11,SKU-011,WH-2,849
2026-01-11,SKU-012,WH-1,882
2026-01-11,SKU-013,WH-1,772
2026-01-11,SKU-014,WH-2,839
2026-01-11,SKU-015,WH-1,1016
2026-01-11,SKU-016,WH-1,1253
2026-01-11,SKU-017,WH-1,1220
2026-01-11,SKU-018,WH-2,1014
2026-01-11,SKU-019,WH-1,534
2026-01-11,SKU-020,WH-1,543
2026-01-11,SKU-021,WH-1,633
2026-01-11,SKU-022,WH-1,846
2026-01-11,SKU-023,WH-2,705
2026-01-11,SKU-024,WH-1,730
2026-01-11,SKU-025,WH-2,943
2026-01-11,SKU-026,WH-1,765
2026-01-11,SKU-027,WH-1,621
2026-01-11,SKU-028,WH-2,890
2026-01-11,SKU-029,WH-1,810
2026-01-11,SKU-030,WH-2,486
2026-01-12,SKU-001,WH-2,775
2026-01-12,SKU-002,WH-2,918
2026-01-12,SKU-003,WH-2,833
2026-01-12,SKU-004,WH-2,728
2026-01-12,SKU-005,WH-2,987
2026-01-12,SKU-006,WH-1,900
2026-01-12,SKU-007,WH-1,515
2026-01-12,SKU-008,WH-1,660
2026-01-12,SKU-009,WH-1,1100
2026-01-12,SKU-010,WH-1,953
2026-01-12,SKU-011,WH-1,844
2026-01-12,SKU-012,WH-1,875
2026-01-12,SKU-013,WH-2,759
2026-01-12,SKU-014,WH-1,842
2026-01-12,SKU-015,WH-1,1037
2026-01-12,SKU-016,WH-1,1293
2026-01-12,SKU-017,WH-2,1245
2026-01-12,SKU-018,WH-1,1006
2026-01-12,SKU-019,WH-1,531
2026-01-12,SKU-020,WH-1,547
2026-01-12,SKU-021,WH-2,634
2026-01-12,SKU-022,WH-1,830
2026-01-12,SKU-023,WH-1,719
2026-01-12,SKU-024,WH-1,758
2026-01-12,SKU-025,WH-1,943
2026-01-12,SKU-026,WH-2,765
2026-01-12,SKU-027,WH-1,637
2026-01-12,SKU-028,WH-2,860
2026-01-12,SKU-029,WH-1,815
2026-01-12,SKU-030,WH-2,468
2026-01-13,SKU-001,WH-2,801
2026-01-13,SKU-002,WH-2,908
2026-01-13,SKU-003,WH-1,826
2026-01-13,SKU-004,WH-1,727
2026-01-13,SKU-005,WH-2,1009
2026-01-13,SKU-006,WH-1,898
2026-01-13,SKU-007,WH-2,533
2026-01-13,SKU-008,WH-2,633
2026-01-13,SKU-009,WH-2,1112
2026-01-13,SKU-010,WH-1,964
2026-01-13,SKU-011,WH-2,852
2026-01-13,SKU-012,WH-2,870
2026-01-13,SKU-013,WH-1,794
2026-01-13,SKU-014,WH-2,862
2026-01-13,SKU-015,WH-2,1019
2026-01-13,SKU-016,WH-1,1280
2026-01-13,SKU-017,WH-1,1245
2026-01-13,SKU-018,WH-1,1015
2026-01-13,SKU-019,WH-1,519
2026-01-13,SKU-020,WH-1,556
2026-01-13,SKU-021,WH-1,643
2026-01-13,SKU-022,WH-2,851
2026-01-13,SKU-023,WH-2,724
2026-01-13,SKU-024,WH-1,755
2026-01-13,SKU-025,WH-2,949
2026-01-13,SKU-026,WH-2,759
2026-01-13,SKU-027,WH-2,676
2026-01-13,SKU-028,WH-2,890
2026-01-13,SKU-029,WH-2,828
2026-01-13,SKU-030,WH-1,497
2026-01-14,SKU-001,WH-1,812
2026-01-14,SKU-002,WH-2,913
2026-01-14,SKU-003,WH-2,858
2026-01-14,SKU-004,WH-2,750
2026-01-14,SKU-005,WH-1,1028
2026-01-14,SKU-006,WH-1,913
2026-01-14,SKU-007,WH-2,558
2026-01-14,SKU-008,WH-2,638
2026-01-14,SKU-009,WH-1,1094
2026-01-14,SKU-010,WH-1,971
2026-01-14,SKU-011,WH-1,888
2026-01-14,SKU-012,WH-2,910
2026-01-14,SKU-013,WH-2,779
2026-01-14,SKU-014,WH-1,855
2026-01-14,SKU-015,WH-2,993
2026-01-14,SKU-016,WH-1,1300
2026-01-14,SKU-017,WH-1,1244
2026-01-14,SKU-018,WH-2,1016
2026-01-14,SKU-019,WH-1,520
2026-01-14,SKU-020,WH-2,546
2026-01-14,SKU-021,WH-1,622
2026-01-14,SKU-022,WH-1,880
2026-01-14,SKU-023,WH-1,728
2026-01-14,SKU-024,WH-1,776
2026-01-14,SKU-025,WH-1,982
2026-01-14,SKU-026,WH-2,777
2026-01-14,SKU-027,WH-1,695
2026-01-14,SKU-028,WH-2,877
2026-01-14,SKU-029,WH-2,818
2026-01-14,SKU-030,WH-1,478
2026-01-15,SKU-001,WH-2,829
2026-01-15,SKU-002,WH-1,914
2026-01-15,SKU-003,WH-2,829
2026-01-15,SKU-004,WH-2,733
2026-01-15,SKU-005,WH-1,1048
2026-01-15,SKU-006,WH-2,933
2026-01-15,SKU-007,WH-2,556
2026-01-15,SKU-008,WH-2,617
2026-01-15,SKU-009,WH-1,1092
2026-01-15,SKU-010,WH-2,993
2026-01-15,SKU-011,WH-1,877
2026-01-15,SKU-012,WH-2,901
2026-01-15,SKU-013,WH-1,801
2026-01-15,SKU-014,WH-2,873
2026-01-15,SKU-015,WH-2,1008
2026-01-15,SKU-016,WH-2,1288
2026-01-15,SKU-017,WH-2,1265
2026-01-15,SKU-018,WH-1,1023
2026-01-15,SKU-019,WH-1,534
2026-01-15,SKU-020,WH-2,566
2026-01-15,SKU-021,WH-1,636
2026-01-15,SKU-022,WH-2,899
2026-01-15,SKU-023,WH-2,753
2026-01-15,SKU-024,WH-2,796
2026-01-15,SKU-025,WH-2,969
2026-01-15,SKU-026,WH-2,794
2026-01-15,SKU-027,WH-1,692
2026-01-15,SKU-028,WH-1,868
2026-01-15,SKU-029,WH-2,815
2026-01-15,SKU-030,WH-1,470
2026-01-16,SKU-001,WH-1,841
2026-01-16,SKU-002,WH-2,917
2026-01-16,SKU-003,WH-2,856
2026-01-16,SKU-004,WH-2,738
2026-01-16,SKU-005,WH-2,1055
2026-01-16,SKU-006,WH-2,932
2026-01-16,SKU-007,WH-2,545
2026-01-16,SKU-008,WH-1,594
2026-01-16,SKU-009,WH-2,1097
2026-01-16,SKU-010,WH-1,999
2026-01-16,SKU-011,WH-1,885
2026-01-16,SKU-012,WH-1,940
2026-01-16,SKU-013,WH-1,806
2026-01-16,SKU-014,WH-2,871
2026-01-16,SKU-015,WH-1,1025
2026-01-16,SKU-016,WH-1,1325
2026-01-16,SKU-017,WH-1,1303
2026-01-16,SKU-018,WH-1,1036
2026-01-16,SKU-019,WH-1,555
2026-01-16,SKU-020,WH-2,569
2026-01-16,SKU-021,WH-2,641
2026-01-16,SKU-022,WH-1,929
2026-01-16,SKU-023,WH-2,725
2026-01-16,SKU-024,WH-1,763
2026-01-16,SKU-025,WH-2,977
2026-01-16,SKU-026,WH-2,791
2026-01-16,SKU-027,WH-2,691
2026-01-16,SKU-028,WH-2,866
2026-01-16,SKU-029,WH-2,797
2026-01-16,SKU-030,WH-1,438
2026-01-17,SKU-001,WH-2,843
2026-01-17,SKU-002,WH-1,919
2026-01-17,SKU-003,WH-1,880
2026-01-17,SKU-004,WH-1,769
2026-01-17,SKU-005,WH-1,1060
2026-01-17,SKU-006,WH-2,920
2026-01-17,SKU-007,WH-2,534
2026-01-17,SKU-008,WH-1,585
2026-01-17,SKU-009,WH-1,1137
2026-01-17,SKU-010,WH-2,1013
2026-01-17,SKU-011,WH-2,902
2026-01-17,SKU-012,WH-2,940
2026-01-17,SKU-013,WH-1,795
2026-01-17,SKU-014,WH-1,909
2026-01-17,SKU-015,WH-2,1030
2026-01-17,SKU-016,WH-1,1339
2026-01-17,SKU-017,WH-1,1315
2026-01-17,SKU-018,WH-1,1038
2026-01-17,SKU-019,WH-2,560
2026-01-17,SKU-020,WH-1,599
2026-01-17,SKU-021,WH-2,633
2026-01-17,SKU-022,WH-2,953
2026-01-17,SKU-023,WH-1,712
2026-01-17,SKU-024,WH-1,782
2026-01-17,SKU-025,WH-2,1001
2026-01-17,SKU-026,WH-2,772
2026-01-17,SKU-027,WH-1,691
2026-01-17,SKU-028,WH-2,864
2026-01-17,SKU-029,WH-1,792
2026-01-17,SKU-030,WH-2,437
2026-01-18,SKU-001,WH-1,829
2026-01-18,SKU-002,WH-1,940
2026-01-18,SKU-003,WH-2,886
2026-01-18,SKU-004,WH-1,780
2026-01-18,SKU-005,WH-2,1059
2026-01-18,SKU-006,WH-1,921
2026-01-18,SKU-007,WH-2,566
2026-01-18,SKU-008,WH-2,583
2026-01-18,SKU-009,WH-1,1144
2026-01-18,SKU-010,WH-1,1009
2026-01-18,SKU-011,WH-2,901
2026-01-18,SKU-012,WH-2,927
2026-01-18,SKU-013,WH-1,795
2026-01-18,SKU-014,WH-1,905
2026-01-18,SKU-015,WH-2,1001
2026-01-18,SKU-016,WH-2,1378
2026-01-18,SKU-017,WH-2,1320
2026-01-18,SKU-018,WH-2,1066
2026-01-18,SKU-019,WH-1,588
2026-01-18,SKU-020,WH-2,614
2026-01-18,SKU-021,WH-1,626
2026-01-18,SKU-022,WH-1,972
2026-01-18,SKU-023,WH-2,722
2026-01-18,SKU-024,WH-2,767
2026-01-18,SKU-025,WH-2,1035
2026-01-18,SKU-026,WH-2,773
2026-01-18,SKU-027,WH-2,671
2026-01-18,SKU-028,WH-1,864
2026-01-18,SKU-029,WH-1,803
2026-01-18,SKU-030,WH-2,457
2026-01-19,SKU-001,WH-2,832
2026-01-19,SKU-002,WH-2,918
2026-01-19,SKU-003,WH-2,875
2026-01-19,SKU-004,WH-2,807
2026-01-19,SKU-005,WH-1,1091
2026-01-19,SKU-006,WH-2,902
2026-01-19,SKU-007,WH-2,566
2026-01-19,SKU-008,WH-2,589
2026-01-19,SKU-009,WH-1,1159
2026-01-19,SKU-010,WH-1,986
2026-01-19,SKU-011,WH-2,900
2026-01-19,SKU-012,WH-2,943
2026-01-19,SKU-013,WH-2,808
2026-01-19,SKU-014,WH-2,920
2026-01-19,SKU-015,WH-2,995
2026-01-19,SKU-016,WH-1,1389
2026-01-19,SKU-017,WH-2,1341
2026-01-19,SKU-018,WH-2,1089
2026-01-19,SKU-019,WH-2,596
2026-01-19,SKU-020,WH-1,603
2026-01-19,SKU-021,WH-2,639
2026-01-19,SKU-022,WH-2,972
2026-01-19,SKU-023,WH-1,749
2026-01-19,SKU-024,WH-2,767
2026-01-19,SKU-025,WH-1,1018
2026-01-19,SKU-026,WH-1,749
2026-01-19,SKU-027,WH-1,695
2026-01-19,SKU-028,WH-2,878
2026-01-19,SKU-029,WH-1,806
2026-01-19,SKU-030,WH-2,462
2026-01-20,SKU-001,WH-1,839
2026-01-20,SKU-002,WH-2,930
2026-01-20,SKU-003,WH-1,859
2026-01-20,SKU-004,WH-2,791
2026-01-20,SKU-005,WH-2,1103
2026-01-20,SKU-006,WH-2,901
2026-01-20,SKU-007,WH-2,564
2026-01-20,SKU-008,WH-2,588
2026-01-20,SKU-009,WH-1,1169
2026-01-20,SKU-010,WH-1,984
2026-01-20,SKU-011,WH-2,920
2026-01-20,SKU-012,WH-2,959
2026-01-20,SKU-013,WH-1,822
2026-01-20,SKU-014,WH-1,934
2026-01-20,SKU-015,WH-1,980
2026-01-20,SKU-016,WH-2,1382
2026-01-20,SKU-017,WH-1,1340
2026-01-20,SKU-018,WH-2,1063
2026-01-20,SKU-019,WH-2,605
2026-01-20,SKU-020,WH-2,610
2026-01-20,SKU-021,WH-2,629
2026-01-20,SKU-022,WH-1,998
2026-01-20,SKU-023,WH-2,728
2026-01-20,SKU-024,WH-1,765
2026-01-20,SKU-025,WH-2,1002
2026-01-20,SKU-026,WH-1,777
2026-01-20,SKU-027,WH-2,691
2026-01-20,SKU-028,WH-2,853
2026-01-20,SKU-029,WH-1,798
2026-01-20,SKU-030,WH-1,441
2026-01-21,SKU-001,WH-1,846
2026-01-21,SKU-002,WH-2,937
2026-01-21,SKU-003,WH-1,861
2026-01-21,SKU-004,WH-2,775
2026-01-21,SKU-005,WH-1,1135
2026-01-21,SKU-006,WH-1,944
2026-01-21,SKU-007,WH-1,547
2026-01-21,SKU-008,WH-2,576
2026-01-21,SKU-009,WH-1,1197
2026-01-21,SKU-010,WH-2,1015
2026-01-21,SKU-011,WH-1,941
2026-01-21,SKU-012,WH-1,958
2026-01-21,SKU-013,WH-1,824
2026-01-21,SKU-014,WH-1,917
2026-01-21,SKU-015,WH-1,1004
2026-01-21,SKU-016,WH-2,1394
2026-01-21,SKU-017,WH-1,1330
2026-01-21,SKU-018,WH-1,1076
2026-01-21,SKU-019,WH-1,616
2026-01-21,SKU-020,WH-2,623
2026-01-21,SKU-021,WH-2,637
2026-01-21,SKU-022,WH-1,1034
2026-01-21,SKU-023,WH-1,752
2026-01-21,SKU-024,WH-2,744
2026-01-21,SKU-025,WH-2,978
2026-01-21,SKU-026,WH-2,774
2026-01-21,SKU-027,WH-2,718
2026-01-21,SKU-028,WH-2,860
2026-01-21,SKU-029,WH-1,779
2026-01-21,SKU-030,WH-2,462
2026-01-22,SKU-001,WH-2,867
2026-01-22,SKU-002,WH-2,950
2026-01-22,SKU-003,WH-1,888
2026-01-22,SKU-004,WH-1,754
2026-01-22,SKU-005,WH-2,1128
2026-01-22,SKU-006,WH-2,922
2026-01-22,SKU-007,WH-2,568
2026-01-22,SKU-008,WH-1,559
2026-01-22,SKU-009,WH-1,1191
2026-01-22,SKU-010,WH-1,1029
2026-01-22,SKU-011,WH-2,944
2026-01-22,SKU-012,WH-2,946
2026-01-22,SKU-013,WH-1,829
2026-01-22,SKU-014,WH-2,904
2026-01-22,SKU-015,WH-2,1002
2026-01-22,SKU-016,WH-2,1383
2026-01-22,SKU-017,WH-1,1320
2026-01-22,SKU-018,WH-2,1078
2026-01-22,SKU-019,WH-2,603
2026-01-22,SKU-020,WH-1,645
2026-01-22,SKU-021,WH-2,625
2026-01-22,SKU-022,WH-2,1062
2026-01-22,SKU-023,WH-2,725
2026-01-22,SKU-024,WH-2,756
2026-01-22,SKU-025,WH-1,996
2026-01-22,SKU-026,WH-2,792
2026-01-22,SKU-027,WH-2,720
2026-01-22,SKU-028,WH-1,866
2026-01-22,SKU-029,WH-1,753
2026-01-22,SKU-030,WH-2,464
2026-01-23,SKU-001,WH-2,894
2026-01-23,SKU-002,WH-2,978
2026-01-23,SKU-003,WH-1,923
2026-01-23,SKU-004,WH-2,754
2026-01-23,SKU-005,WH-2,1140
2026-01-23,SKU-006,WH-1,925
2026-01-23,SKU-007,WH-1,543
2026-01-23,SKU-008,WH-1,584
2026-01-23,SKU-009,WH-1,1192
2026-01-23,SKU-010,WH-2,1039
2026-01-23,SKU-011,WH-2,973
2026-01-23,SKU-012,WH-1,924
2026-01-23,SKU-013,WH-2,828
2026-01-23,SKU-014,WH-2,915
2026-01-23,SKU-015,WH-2,984
2026-01-23,SKU-016,WH-2,1393
2026-01-23,SKU-017,WH-2,1329
2026-01-23,SKU-018,WH-1,1088
2026-01-23,SKU-019,WH-2,596
2026-01-23,SKU-020,WH-1,663
2026-01-23,SKU-021,WH-2,635
2026-01-23,SKU-022,WH-2,1075
2026-01-23,SKU-023,WH-2,758
2026-01-23,SKU-024,WH-1,767
2026-01-23,SKU-025,WH-1,1001
2026-01-23,SKU-026,WH-1,820
2026-01-23,SKU-027,WH-2,756
2026-01-23,SKU-028,WH-1,871
2026-01-23,SKU-029,WH-2,739
2026-01-23,SKU-030,WH-2,468
2026-01-24,SKU-001,WH-2,913
2026-01-24,SKU-002,WH-1,994
2026-01-24,SKU-003,WH-2,932
2026-01-24,SKU-004,WH-1,746
2026-01-24,SKU-005,WH-1,1126
2026-01-24,SKU-006,WH-1,894
2026-01-24,SKU-007,WH-2,562
2026-01-24,SKU-008,WH-2,623
2026-01-24,SKU-009,WH-1,1194
2026-01-24,SKU-010,WH-1,1021
2026-01-24,SKU-011,WH-1,963
2026-01-24,SKU-012,WH-1,957
2026-01-24,SKU-013,WH-1,857
2026-01-24,SKU-014,WH-2,906
2026-01-24,SKU-015,WH-2,1005
2026-01-24,SKU-016,WH-1,1411
2026-01-24,SKU-017,WH-1,1333
2026-01-24,SKU-018,WH-2,1089
2026-01-24,SKU-019,WH-2,594
2026-01-24,SKU-020,WH-2,659
2026-01-24,SKU-021,WH-2,629
2026-01-24,SKU-022,WH-2,1085
2026-01-24,SKU-023,WH-2,738
2026-01-24,SKU-024,WH-1,761
2026-01-24,SKU-025,WH-1,1004
2026-01-24,SKU-026,WH-1,838
2026-01-24,SKU-027,WH-2,747
2026-01-24,SKU-028,WH-2,899
2026-01-24,SKU-029,WH-2,707
2026-01-24,SKU-030,WH-2,471
2026-01-25,SKU-001,WH-2,923
2026-01-25,SKU-002,WH-2,999
2026-01-25,SKU-003,WH-2,947
2026-01-25,SKU-004,WH-2,746
2026-01-25,SKU-005,WH-1,1130
2026-01-25,SKU-006,WH-2,932
2026-01-25,SKU-007,WH-2,590
2026-01-25,SKU-008,WH-2,657
2026-01-25,SKU-009,WH-1,1191
2026-01-25,SKU-010,WH-1,1027
2026-01-25,SKU-011,WH-1,965
2026-01-25,SKU-012,WH-2,960
2026-01-25,SKU-013,WH-2,861
2026-01-25,SKU-014,WH-2,923
2026-01-25,SKU-015,WH-2,1022
2026-01-25,SKU-016,WH-2,1417
2026-01-25,SKU-017,WH-1,1318
2026-01-25,SKU-018,WH-1,1084
2026-01-25,SKU-019,WH-1,595
2026-01-25,SKU-020,WH-1,677
2026-01-25,SKU-021,WH-1,656
2026-01-25,SKU-022,WH-2,1113
2026-01-25,SKU-023,WH-2,713
2026-01-25,SKU-024,WH-1,787
2026-01-25,SKU-025,WH-2,1004
2026-01-25,SKU-026,WH-1,861
2026-01-25,SKU-027,WH-2,779
2026-01-25,SKU-028,WH-1,916
2026-01-25,SKU-029,WH-1,720
2026-01-25,SKU-030,WH-1,458
2026-01-26,SKU-001,WH-1,909
2026-01-26,SKU-002,WH-1,1014
2026-01-26,SKU-003,WH-2,984
2026-01-26,SKU-004,WH-1,756
2026-01-26,SKU-005,WH-2,1144
2026-01-26,SKU-006,WH-2,945
2026-01-26,SKU-007,WH-1,601
2026-01-26,SKU-008,WH-1,655
2026-01-26,SKU-009,WH-1,1192
2026-01-26,SKU-010,WH-2,1009
2026-01-26,SKU-011,WH-1,972
2026-01-26,SKU-012,WH-2,975
2026-01-26,SKU-013,WH-2,902
2026-01-26,SKU-014,WH-1,931
2026-01-26,SKU-015,WH-1,1042
2026-01-26,SKU-016,WH-2,1392
2026-01-26,SKU-017,WH-2,1329
2026-01-26,SKU-018,WH-2,1095
2026-01-26,SKU-019,WH-1,595
2026-01-26,SKU-020,WH-2,719
2026-01-26,SKU-021,WH-1,626
2026-01-26,SKU-022,WH-1,1136
2026-01-26,SKU-023,WH-1,703
2026-01-26,SKU-024,WH-1,770
2026-01-26,SKU-025,WH-1,1029
2026-01-26,SKU-026,WH-2,836
2026-01-26,SKU-027,WH-1,817
2026-01-26,SKU-028,WH-1,954
2026-01-26,SKU-029,WH-1,709
2026-01-26,SKU-030,WH-2,462
2026-01-27,SKU-001,WH-1,897
2026-01-27,SKU-002,WH-1,1031
2026-01-27,SKU-003,WH-2,987
2026-01-27,SKU-004,WH-2,750
2026-01-27,SKU-005,WH-1,1134
2026-01-27,SKU-006,WH-1,919
2026-01-27,SKU-007,WH-2,622
2026-01-27,SKU-008,WH-1,650
2026-01-27,SKU-009,WH-2,1205
2026-01-27,SKU-010,WH-2,1010
2026-01-27,SKU-011,WH-1,1004
2026-01-27,SKU-012,WH-2,965
2026-01-27,SKU-013,WH-2,924
2026-01-27,SKU-014,WH-2,945
2026-01-27,SKU-015,WH-2,1037
2026-01-27,SKU-016,WH-2,1395
2026-01-27,SKU-017,WH-2,1344
2026-01-27,SKU-018,WH-2,1071
2026-01-27,SKU-019,WH-2,609
2026-01-27,SKU-020,WH-1,746
2026-01-27,SKU-021,WH-1,638
2026-01-27,SKU-022,WH-2,1169
2026-01-27,SKU-023,WH-2,711
2026-01-27,SKU-024,WH-1,772
2026-01-27,SKU-025,WH-2,1013
2026-01-27,SKU-026,WH-1,840
2026-01-27,SKU-027,WH-2,804
2026-01-27,SKU-028,WH-1,963
2026-01-27,SKU-029,WH-2,711
2026-01-27,SKU-030,WH-1,437
2026-01-28,SKU-001,WH-2,895
2026-01-28,SKU-002,WH-1,1017
2026-01-28,SKU-003,WH-2,975
2026-01-28,SKU-004,WH-1,770
2026-01-28,SKU-005,WH-2,1147
2026-01-28,SKU-006,WH-2,918
2026-01-28,SKU-007,WH-1,614
2026-01-28,SKU-008,WH-2,674
2026-01-28,SKU-009,WH-1,1235
2026-01-28,SKU-010,WH-2,986
2026-01-28,SKU-011,WH-2,1005
2026-01-28,SKU-012,WH-1,963
2026-01-28,SKU-013,WH-2,934
2026-01-28,SKU-014,WH-2,958
2026-01-28,SKU-015,WH-1,1059
2026-01-28,SKU-016,WH-2,1392
2026-01-28,SKU-017,WH-1,1365
2026-01-28,SKU-018,WH-2,1081
2026-01-28,SKU-019,WH-1,621
2026-01-28,SKU-020,WH-2,744
2026-01-28,SKU-021,WH-1,620
2026-01-28,SKU-022,WH-1,1189
2026-01-28,SKU-023,WH-2,734
2026-01-28,SKU-024,WH-2,748
2026-01-28,SKU-025,WH-2,1013
2026-01-28,SKU-026,WH-1,854
2026-01-28,SKU-027,WH-2,827
2026-01-28,SKU-028,WH-2,984
2026-01-28,SKU-029,WH-2,693
2026-01-28,SKU-030,WH-1,455
2026-01-29,SKU-001,WH-1,901
2026-01-29,SKU-002,WH-2,1030
2026-01-29,SKU-003,WH-2,985
2026-01-29,SKU-004,WH-2,759
2026-01-29,SKU-005,WH-2,1142
2026-01-29,SKU-006,WH-1,917
2026-01-29,SKU-007,WH-2,617
2026-01-29,SKU-008,WH-2,683
2026-01-29,SKU-009,WH-2,1249
2026-01-29,SKU-010,WH-1,992
2026-01-29,SKU-011,WH-2,1016
2026-01-29,SKU-012,WH-1,958
2026-01-29,SKU-013,WH-1,941
2026-01-29,SKU-014,WH-2,970
2026-01-29,SKU-015,WH-2,1072
2026-01-29,SKU-016,WH-1,1411
2026-01-29,SKU-017,WH-2,1364
2026-01-29,SKU-018,WH-1,1108
2026-01-29,SKU-019,WH-1,627
2026-01-29,SKU-020,WH-1,723
2026-01-29,SKU-021,WH-1,622
2026-01-29,SKU-022,WH-2,1193
2026-01-29,SKU-023,WH-1,722
2026-01-29,SKU-024,WH-2,753
2026-01-29,SKU-025,WH-1,1033
2026-01-29,SKU-026,WH-1,848
2026-01-29,SKU-027,WH-1,848
2026-01-29,SKU-028,WH-2,997
2026-01-29,SKU-029,WH-2,680
2026-01-29,SKU-030,WH-1,469
2026-01-30,SKU-001,WH-2,917
2026-01-30,SKU-002,WH-2,1040
2026-01-30,SKU-003,WH-1,964
2026-01-30,SKU-004,WH-2,756
2026-01-30,SKU-005,WH-1,1166
2026-01-30,SKU-006,WH-1,906
2026-01-30,SKU-007,WH-1,629
2026-01-30,SKU-008,WH-1,689
2026-01-30,SKU-009,WH-1,1239
2026-01-30,SKU-010,WH-1,1002
2026-01-30,SKU-011,WH-1,1037
2026-01-30,SKU-012,WH-1,959
2026-01-30,SKU-013,WH-2,940
2026-01-30,SKU-014,WH-2,974
2026-01-30,SKU-015,WH-2,1096
2026-01-30,SKU-016,WH-2,1428
2026-01-30,SKU-017,WH-1,1345
2026-01-30,SKU-018,WH-1,1116
2026-01-30,SKU-019,WH-2,650
2026-01-30,SKU-020,WH-1,747
2026-01-30,SKU-021,WH-1,659
2026-01-30,SKU-022,WH-2,1207
2026-01-30,SKU-023,WH-1,718
2026-01-30,SKU-024,WH-2,755
2026-01-30,SKU-025,WH-1,1037
2026-01-30,SKU-026,WH-1,862
2026-01-30,SKU-027,WH-1,846
2026-01-30,SKU-028,WH-1,1004
2026-01-30,SKU-029,WH-2,685
2026-01-30,SKU-030,WH-1,471
2026-01-31,SKU-001,WH-2,940
2026-01-31,SKU-002,WH-1,1077
2026-01-31,SKU-003,WH-2,1001
2026-01-31,SKU-004,WH-2,748
2026-01-31,SKU-005,WH-2,1162
2026-01-31,SKU-006,WH-1,900
2026-01-31,SKU-007,WH-2,670
2026-01-31,SKU-008,WH-1,692
2026-01-31,SKU-009,WH-2,1268
2026-01-31,SKU-010,WH-1,1002
2026-01-31,SKU-011,WH-2,1020
2026-01-31,SKU-012,WH-2,965
2026-01-31,SKU-013,WH-2,932
2026-01-31,SKU-014,WH-2,986
2026-01-31,SKU-015,WH-1,1129
2026-01-31,SKU-016,WH-1,1415
2026-01-31,SKU-017,WH-2,1376
2026-01-31,SKU-018,WH-1,1129
2026-01-31,SKU-019,WH-1,643
2026-01-31,SKU-020,WH-2,773
2026-01-31,SKU-021,WH-2,658
2026-01-31,SKU-022,WH-1,1217
2026-01-31,SKU-023,WH-1,718
2026-01-31,SKU-024,WH-2,766
2026-01-31,SKU-025,WH-2,1021
2026-01-31,SKU-026,WH-1,878
2026-01-31,SKU-027,WH-1,842
2026-01-31,SKU-028,WH-1,1005
2026-01-31,SKU-029,WH-1,678
2026-01-31,SKU-030,WH-2,445
2026-02-01,SKU-001,WH-2,929
2026-02-01,SKU-002,WH-1,1075
2026-02-01,SKU-003,WH-1,1003
2026-02-01,SKU-004,WH-2,746
2026-02-01,SKU-005,WH-1,1157
2026-02-01,SKU-006,WH-2,893
2026-02-01,SKU-007,WH-1,684
2026-02-01,SKU-008,WH-1,689
2026-02-01,SKU-009,WH-1,1269
2026-02-01,SKU-010,WH-1,1033
2026-02-01,SKU-011,WH-1,1024
2026-02-01,SKU-012,WH-2,978
2026-02-01,SKU-013,WH-1,931
2026-02-01,SKU-014,WH-1,1008
2026-02-01,SKU-015,WH-1,1147
2026-02-01,SKU-016,WH-2,1410
2026-02-01,SKU-017,WH-2,1379
2026-02-01,SKU-018,WH-1,1121
2026-02-01,SKU-019,WH-2,635
2026-02-01,SKU-020,WH-2,759
2026-02-01,SKU-021,WH-1,670
2026-02-01,SKU-022,WH-2,1215
2026-02-01,SKU-023,WH-1,738
2026-02-01,SKU-024,WH-1,780
2026-02-01,SKU-025,WH-1,1024
2026-02-01,SKU-026,WH-2,889
2026-02-01,SKU-027,WH-1,830
2026-02-01,SKU-028,WH-1,990
2026-02-01,SKU-029,WH-1,684
2026-02-01,SKU-030,WH-1,455
2026-02-02,SKU-001,WH-1,937
2026-02-02,SKU-002,WH-2,1077
2026-02-02,SKU-003,WH-1,1004
2026-02-02,SKU-004,WH-1,745
2026-02-02,SKU-005,WH-2,1184
2026-02-02,SKU-006,WH-2,900
2026-02-02,SKU-007,WH-1,691
2026-02-02,SKU-008,WH-2,724
2026-02-02,SKU-009,WH-1,1270
2026-02-02,SKU-010,WH-1,1038
2026-02-02,SKU-011,WH-1,1021
2026-02-02,SKU-012,WH-2,958
2026-02-02,SKU-013,WH-1,960
2026-02-02,SKU-014,WH-2,1023
2026-02-02,SKU-015,WH-1,1159
2026-02-02,SKU-016,WH-2,1410
2026-02-02,SKU-017,WH-1,1387
2026-02-02,SKU-018,WH-2,1142
2026-02-02,SKU-019,WH-2,654
2026-02-02,SKU-020,WH-1,750
2026-02-02,SKU-021,WH-2,665
2026-02-02,SKU-022,WH-1,1216
2026-02-02,SKU-023,WH-2,726
2026-02-02,SKU-024,WH-1,789
2026-02-02,SKU-025,WH-2,1049
2026-02-02,SKU-026,WH-2,913
2026-02-02,SKU-027,WH-2,846
2026-02-02,SKU-028,WH-1,976
2026-02-02,SKU-029,WH-2,702
2026-02-02,SKU-030,WH-2,439
2026-02-03,SKU-001,WH-2,953
2026-02-03,SKU-002,WH-1,1071
2026-02-03,SKU-003,WH-1,1000
2026-02-03,SKU-004,WH-1,752
2026-02-03,SKU-005,WH-2,1214
2026-02-03,SKU-006,WH-1,897
2026-02-03,SKU-007,WH-2,685
2026-02-03,SKU-008,WH-2,750
2026-02-03,SKU-009,WH-2,1267
2026-02-03,SKU-010,WH-2,1044
2026-02-03,SKU-011,WH-1,1024
2026-02-03,SKU-012,WH-1,948
2026-02-03,SKU-013,WH-2,988
2026-02-03,SKU-014,WH-2,1027
2026-02-03,SKU-015,WH-2,1141
2026-02-03,SKU-016,WH-2,1398
2026-02-03,SKU-017,WH-1,1407
2026-02-03,SKU-018,WH-1,1128
2026-02-03,SKU-019,WH-2,669
2026-02-03,SKU-020,WH-1,741
2026-02-03,SKU-021,WH-1,660
2026-02-03,SKU-022,WH-1,1197
2026-02-03,SKU-023,WH-2,713
2026-02-03,SKU-024,WH-1,829
2026-02-03,SKU-025,WH-2,1059
2026-02-03,SKU-026,WH-1,904
2026-02-03,SKU-027,WH-1,840
2026-02-03,SKU-028,WH-2,964
2026-02-03,SKU-029,WH-1,705
2026-02-03,SKU-030,WH-1,457
2026-02-04,SKU-001,WH-1,944
2026-02-04,SKU-002,WH-1,1095
2026-02-04,SKU-003,WH-2,996
2026-02-04,SKU-004,WH-1,763
2026-02-04,SKU-005,WH-1,1206
2026-02-04,SKU-006,WH-1,899
2026-02-04,SKU-007,WH-2,683
2026-02-04,SKU-008,WH-1,778
2026-02-04,SKU-009,WH-2,1279
2026-02-04,SKU-010,WH-2,1032
2026-02-04,SKU-011,WH-2,1023
2026-02-04,SKU-012,WH-2,932
2026-02-04,SKU-013,WH-1,1009
2026-02-04,SKU-014,WH-2,1050
2026-02-04,SKU-015,WH-2,1137
2026-02-04,SKU-016,WH-2,1405
2026-02-04,SKU-017,WH-2,1401
2026-02-04,SKU-018,WH-1,1142
2026-02-04,SKU-019,WH-1,677
2026-02-04,SKU-020,WH-2,746
2026-02-04,SKU-021,WH-2,649
2026-02-04,SKU-022,WH-2,1196
2026-02-04,SKU-023,WH-2,716
2026-02-04,SKU-024,WH-2,853
2026-02-04,SKU-025,WH-2,1058
2026-02-04,SKU-026,WH-2,919
2026-02-04,SKU-027,WH-2,861
2026-02-04,SKU-028,WH-1,998
2026-02-04,SKU-029,WH-1,705
2026-02-04,SKU-030,WH-1,447
