txn_datetime,date,sku,warehouse,txn_type,qty,ref_id,reason_code
2025-12-07 08:00:00,2025-12-07,SKU-003,WH-2,OUT,-1,REF-10140,SALE
2025-12-07 09:41:00,2025-12-07,SKU-001,WH-1,OUT,-4,REF-10001,SALE
2025-12-07 11:13:00,2025-12-07,SKU-008,WH-2,IN,37,REF-10453,RCV
2025-12-07 11:13:00,2025-12-07,SKU-009,WH-2,IN,15,REF-10513,RCV
2025-12-07 15:07:00,2025-12-07,SKU-002,WH-2,OUT,-6,REF-10087,SALE
2025-12-07 16:08:00,2025-12-07,SKU-010,WH-2,OUT,-1,REF-10568,SALE
2025-12-07 16:08:00,2025-12-07,SKU-013,WH-2,SCRAP,-9,REF-11828,SCR
2025-12-07 17:39:00,2025-12-07,SKU-004,WH-1,OUT,-11,REF-10179,SALE
2025-12-07 17:39:00,2025-12-07,SKU-005,WH-1,IN,18,REF-10239,RCV
2025-12-07 17:39:00,2025-12-07,SKU-006,WH-1,IN,10,REF-10299,RCV
2025-12-07 17:39:00,2025-12-07,SKU-007,WH-1,IN,4,REF-10359,RCV
2025-12-08 08:40:00,2025-12-08,SKU-002,WH-1,IN,11,REF-10060,RCV
2025-12-08 08:40:00,2025-12-08,SKU-005,WH-1,IN,15,REF-10240,RCV
2025-12-08 08:40:00,2025-12-08,SKU-006,WH-1,IN,8,REF-10300,RCV
2025-12-08 09:01:00,2025-12-08,SKU-003,WH-2,IN,17,REF-10141,RCV
2025-12-08 13:05:00,2025-12-08,SKU-001,WH-2,IN,70,REF-10025,RCV
2025-12-08 13:05:00,2025-12-08,SKU-007,WH-2,IN,22,REF-10385,RCV
2025-12-08 13:35:00,2025-12-08,SKU-011,WH-1,IN,5,REF-10595,RCV
2025-12-08 16:38:00,2025-12-08,SKU-008,WH-1,IN,19,REF-10418,RCV
2025-12-08 16:38:00,2025-12-08,SKU-009,WH-1,IN,51,REF-10478,RCV
2025-12-08 17:09:00,2025-12-08,SKU-004,WH-2,OUT,-21,REF-10209,SALE
2025-12-08 17:09:00,2025-12-08,SKU-010,WH-2,OUT,-18,REF-10569,SALE
2025-12-09 08:10:00,2025-12-09,SKU-010,WH-2,OUT,-5,REF-10570,SALE
2025-12-09 08:40:00,2025-12-09,SKU-003,WH-1,OUT,-2,REF-10120,SALE
2025-12-09 08:40:00,2025-12-09,SKU-004,WH-1,OUT,-12,REF-10180,SALE
2025-12-09 08:40:00,2025-12-09,SKU-007,WH-1,IN,20,REF-10360,RCV
2025-12-09 09:41:00,2025-12-09,SKU-002,WH-1,IN,13,REF-10061,RCV
2025-12-09 09:41:00,2025-12-09,SKU-005,WH-1,OUT,-13,REF-10241,SALE
2025-12-09 09:41:00,2025-12-09,SKU-006,WH-1,IN,21,REF-10301,RCV
2025-12-09 12:14:00,2025-12-09,SKU-009,WH-2,IN,36,REF-10514,RCV
2025-12-09 12:24:00,2025-12-09,SKU-022,WH-1,RETURN,6,REF-11784,RET
2025-12-09 14:06:00,2025-12-09,SKU-001,WH-2,IN,3,REF-10026,RCV
2025-12-09 17:39:00,2025-12-09,SKU-008,WH-1,OUT,-1,REF-10419,SALE
2025-12-10 08:10:00,2025-12-10,SKU-004,WH-2,IN,25,REF-10210,RCV
2025-12-10 08:40:00,2025-12-10,SKU-008,WH-1,OUT,-7,REF-10420,SALE
2025-12-10 09:11:00,2025-12-10,SKU-002,WH-2,ADJUST,-5,REF-11831,ADJ
2025-12-10 09:41:00,2025-12-10,SKU-007,WH-1,IN,20,REF-10361,RCV
2025-12-10 10:02:00,2025-12-10,SKU-003,WH-2,IN,31,REF-10142,RCV
2025-12-10 10:02:00,2025-12-10,SKU-005,WH-2,OUT,-1,REF-10262,SALE
2025-12-10 11:13:00,2025-12-10,SKU-006,WH-2,IN,33,REF-10333,RCV
2025-12-10 13:15:00,2025-12-10,SKU-009,WH-2,OUT,-24,REF-10515,SALE
2025-12-10 15:07:00,2025-12-10,SKU-001,WH-2,IN,32,REF-10027,RCV
2025-12-10 16:08:00,2025-12-10,SKU-002,WH-2,IN,7,REF-10088,RCV
2025-12-11 09:41:00,2025-12-11,SKU-003,WH-1,IN,64,REF-10121,RCV
2025-12-11 09:41:00,2025-12-11,SKU-004,WH-1,IN,61,REF-10181,RCV
2025-12-11 10:42:00,2025-12-11,SKU-002,WH-1,OUT,-18,REF-10062,SALE
2025-12-11 10:42:00,2025-12-11,SKU-007,WH-1,OUT,-1,REF-10362,SALE
2025-12-11 11:03:00,2025-12-11,SKU-005,WH-2,IN,17,REF-10263,RCV
2025-12-11 12:14:00,2025-12-11,SKU-006,WH-2,IN,26,REF-10334,RCV
2025-12-11 12:14:00,2025-12-11,SKU-008,WH-2,OUT,-4,REF-10454,SALE
2025-12-11 12:54:00,2025-12-11,SKU-023,WH-1,ADJUST,-6,REF-11814,ADJ
2025-12-11 14:36:00,2025-12-11,SKU-011,WH-1,IN,60,REF-10596,RCV
2025-12-11 16:08:00,2025-12-11,SKU-001,WH-2,OUT,-11,REF-10028,SALE
2025-12-11 16:38:00,2025-12-11,SKU-010,WH-1,IN,3,REF-10538,RCV
2025-12-11 17:39:00,2025-12-11,SKU-009,WH-1,IN,24,REF-10479,RCV
2025-12-12 09:11:00,2025-12-12,SKU-004,WH-2,IN,45,REF-10211,RCV
2025-12-12 09:11:00,2025-12-12,SKU-010,WH-2,IN,16,REF-10571,RCV
2025-12-12 09:41:00,2025-12-12,SKU-008,WH-1,OUT,-3,REF-10421,SALE
2025-12-12 10:42:00,2025-12-12,SKU-001,WH-1,IN,52,REF-10002,RCV
2025-12-12 10:42:00,2025-12-12,SKU-006,WH-1,IN,8,REF-10302,RCV
2025-12-12 11:03:00,2025-12-12,SKU-003,WH-2,IN,62,REF-10143,RCV
2025-12-12 11:43:00,2025-12-12,SKU-002,WH-1,IN,24,REF-10063,RCV
2025-12-12 12:04:00,2025-12-12,SKU-005,WH-2,IN,12,REF-10264,RCV
2025-12-12 14:06:00,2025-12-12,SKU-007,WH-2,IN,36,REF-10386,RCV
2025-12-12 14:16:00,2025-12-12,SKU-009,WH-2,IN,4,REF-10516,RCV
2025-12-13 08:20:00,2025-12-13,SKU-003,WH-2,ADJUST,10,REF-11780,ADJ
2025-12-13 10:12:00,2025-12-13,SKU-004,WH-2,IN,28,REF-10212,RCV
2025-12-13 10:42:00,2025-12-13,SKU-008,WH-1,IN,5,REF-10422,RCV
2025-12-13 11:43:00,2025-12-13,SKU-006,WH-1,IN,7,REF-10303,RCV
2025-12-13 12:04:00,2025-12-13,SKU-003,WH-2,IN,1,REF-10144,RCV
2025-12-13 12:44:00,2025-12-13,SKU-002,WH-1,OUT,-8,REF-10064,SALE
2025-12-13 13:05:00,2025-12-13,SKU-005,WH-2,IN,13,REF-10265,RCV
2025-12-13 15:07:00,2025-12-13,SKU-007,WH-2,OUT,-12,REF-10387,SALE
2025-12-13 15:17:00,2025-12-13,SKU-009,WH-2,OUT,-17,REF-10517,SALE
2025-12-13 17:09:00,2025-12-13,SKU-001,WH-2,IN,17,REF-10029,RCV
2025-12-13 17:39:00,2025-12-13,SKU-010,WH-1,OUT,-1,REF-10539,SALE
2025-12-14 08:10:00,2025-12-14,SKU-001,WH-2,IN,4,REF-10030,RCV
2025-12-14 08:40:00,2025-12-14,SKU-010,WH-1,IN,22,REF-10540,RCV
2025-12-14 10:42:00,2025-12-14,SKU-004,WH-1,IN,50,REF-10182,RCV
2025-12-14 10:42:00,2025-12-14,SKU-005,WH-1,IN,57,REF-10242,RCV
2025-12-14 13:05:00,2025-12-14,SKU-003,WH-2,IN,12,REF-10145,RCV
2025-12-14 13:15:00,2025-12-14,SKU-006,WH-2,OUT,-18,REF-10335,SALE
2025-12-14 13:15:00,2025-12-14,SKU-008,WH-2,IN,11,REF-10455,RCV
2025-12-14 15:37:00,2025-12-14,SKU-011,WH-1,IN,22,REF-10597,RCV
2025-12-14 16:08:00,2025-12-14,SKU-007,WH-2,IN,22,REF-10388,RCV
2025-12-14 16:18:00,2025-12-14,SKU-009,WH-2,IN,25,REF-10518,RCV
2025-12-14 17:09:00,2025-12-14,SKU-002,WH-2,IN,18,REF-10089,RCV
2025-12-15 08:10:00,2025-12-15,SKU-002,WH-2,IN,14,REF-10090,RCV
2025-12-15 08:40:00,2025-12-15,SKU-009,WH-1,OUT,-34,REF-10480,SALE
2025-12-15 09:41:00,2025-12-15,SKU-010,WH-1,IN,10,REF-10541,RCV
2025-12-15 11:43:00,2025-12-15,SKU-001,WH-1,IN,35,REF-10003,RCV
2025-12-15 11:43:00,2025-12-15,SKU-004,WH-1,IN,3,REF-10183,RCV
2025-12-15 11:43:00,2025-12-15,SKU-007,WH-1,IN,20,REF-10363,RCV
2025-12-15 11:43:00,2025-12-15,SKU-008,WH-1,OUT,-4,REF-10423,SALE
2025-12-15 12:44:00,2025-12-15,SKU-006,WH-1,IN,6,REF-10304,RCV
2025-12-15 13:35:00,2025-12-15,SKU-017,WH-2,ADJUST,5,REF-11795,ADJ
2025-12-15 14:06:00,2025-12-15,SKU-003,WH-2,IN,25,REF-10146,RCV
2025-12-15 14:06:00,2025-12-15,SKU-005,WH-2,IN,40,REF-10266,RCV
2025-12-15 15:57:00,2025-12-15,SKU-024,WH-2,ADJUST,-12,REF-11817,ADJ
2025-12-15 16:38:00,2025-12-15,SKU-011,WH-1,OUT,-7,REF-10598,SALE
2025-12-16 09:41:00,2025-12-16,SKU-009,WH-1,OUT,-9,REF-10481,SALE
2025-12-16 11:13:00,2025-12-16,SKU-004,WH-2,IN,44,REF-10213,RCV
2025-12-16 11:43:00,2025-12-16,SKU-005,WH-1,IN,7,REF-10243,RCV
2025-12-16 12:44:00,2025-12-16,SKU-001,WH-1,OUT,-25,REF-10004,SALE
2025-12-16 13:45:00,2025-12-16,SKU-002,WH-1,IN,50,REF-10065,RCV
2025-12-16 14:16:00,2025-12-16,SKU-006,WH-2,IN,28,REF-10336,RCV
2025-12-16 14:16:00,2025-12-16,SKU-008,WH-2,OUT,-26,REF-10456,SALE
2025-12-16 15:07:00,2025-12-16,SKU-003,WH-2,OUT,-8,REF-10147,SALE
2025-12-16 17:09:00,2025-12-16,SKU-007,WH-2,IN,28,REF-10389,RCV
2025-12-16 17:39:00,2025-12-16,SKU-011,WH-1,IN,3,REF-10599,RCV
2025-12-17 08:10:00,2025-12-17,SKU-007,WH-2,OUT,-18,REF-10390,SALE
2025-12-17 09:11:00,2025-12-17,SKU-002,WH-2,IN,2,REF-10091,RCV
2025-12-17 10:42:00,2025-12-17,SKU-009,WH-1,OUT,-8,REF-10482,SALE
2025-12-17 10:42:00,2025-12-17,SKU-010,WH-1,IN,35,REF-10542,RCV
2025-12-17 12:44:00,2025-12-17,SKU-004,WH-1,IN,16,REF-10184,RCV
2025-12-17 12:44:00,2025-12-17,SKU-005,WH-1,IN,5,REF-10244,RCV
2025-12-17 12:44:00,2025-12-17,SKU-008,WH-1,OUT,-5,REF-10424,SALE
2025-12-17 13:45:00,2025-12-17,SKU-006,WH-1,IN,29,REF-10305,RCV
2025-12-17 14:06:00,2025-12-17,SKU-014,WH-2,SCRAP,-8,REF-11826,SCR
2025-12-17 16:08:00,2025-12-17,SKU-003,WH-2,OUT,-20,REF-10148,SALE
2025-12-18 08:40:00,2025-12-18,SKU-011,WH-1,IN,55,REF-10600,RCV
2025-12-18 11:03:00,2025-12-18,SKU-009,WH-2,ADJUST,-6,REF-11823,ADJ
2025-12-18 11:43:00,2025-12-18,SKU-009,WH-1,IN,32,REF-10483,RCV
2025-12-18 11:43:00,2025-12-18,SKU-010,WH-1,IN,30,REF-10543,RCV
2025-12-18 12:44:00,2025-12-18,SKU-007,WH-1,IN,18,REF-10364,RCV
2025-12-18 13:45:00,2025-12-18,SKU-001,WH-1,IN,38,REF-10005,RCV
2025-12-18 13:45:00,2025-12-18,SKU-004,WH-1,OUT,-29,REF-10185,SALE
2025-12-18 14:46:00,2025-12-18,SKU-002,WH-1,IN,22,REF-10066,RCV
2025-12-18 14:46:00,2025-12-18,SKU-006,WH-1,IN,9,REF-10306,RCV
2025-12-18 15:07:00,2025-12-18,SKU-005,WH-2,IN,3,REF-10267,RCV
2025-12-18 15:17:00,2025-12-18,SKU-008,WH-2,IN,17,REF-10457,RCV
2025-12-18 17:09:00,2025-12-18,SKU-003,WH-2,IN,11,REF-10149,RCV
2025-12-19 09:11:00,2025-12-19,SKU-001,WH-2,IN,36,REF-10031,RCV
2025-12-19 09:11:00,2025-12-19,SKU-007,WH-2,IN,49,REF-10391,RCV
2025-12-19 10:02:00,2025-12-19,SKU-007,WH-2,ADJUST,-11,REF-11822,ADJ
2025-12-19 10:12:00,2025-12-19,SKU-002,WH-2,IN,72,REF-10092,RCV
2025-12-19 10:42:00,2025-12-19,SKU-003,WH-1,IN,54,REF-10122,RCV
2025-12-19 12:44:00,2025-12-19,SKU-009,WH-1,IN,17,REF-10484,RCV
2025-12-19 12:44:00,2025-12-19,SKU-010,WH-1,IN,12,REF-10544,RCV
2025-12-19 13:45:00,2025-12-19,SKU-008,WH-1,IN,19,REF-10425,RCV
2025-12-19 14:46:00,2025-12-19,SKU-004,WH-1,IN,20,REF-10186,RCV
2025-12-19 15:47:00,2025-12-19,SKU-006,WH-1,IN,23,REF-10307,RCV
2025-12-19 16:08:00,2025-12-19,SKU-005,WH-2,IN,2,REF-10268,RCV
2025-12-20 10:12:00,2025-12-20,SKU-007,WH-2,IN,2,REF-10392,RCV
2025-12-20 10:12:00,2025-12-20,SKU-010,WH-2,IN,132,REF-10572,RCV
2025-12-20 11:43:00,2025-12-20,SKU-003,WH-1,IN,3,REF-10123,RCV
2025-12-20 14:46:00,2025-12-20,SKU-001,WH-1,IN,4,REF-10006,RCV
2025-12-20 15:17:00,2025-12-20,SKU-006,WH-2,IN,81,REF-10337,RCV
2025-12-20 15:47:00,2025-12-20,SKU-002,WH-1,IN,19,REF-10067,RCV
2025-12-20 15:47:00,2025-12-20,SKU-004,WH-1,OUT,-13,REF-10187,SALE
2025-12-20 16:18:00,2025-12-20,SKU-008,WH-2,IN,7,REF-10458,RCV
2025-12-20 17:09:00,2025-12-20,SKU-005,WH-2,OUT,-18,REF-10269,SALE
2025-12-20 17:19:00,2025-12-20,SKU-009,WH-2,IN,2,REF-10519,RCV
2025-12-21 08:10:00,2025-12-21,SKU-003,WH-2,IN,15,REF-10150,RCV
2025-12-21 08:20:00,2025-12-21,SKU-009,WH-2,IN,19,REF-10520,RCV
2025-12-21 08:30:00,2025-12-21,SKU-027,WH-1,RETURN,11,REF-11790,RET
2025-12-21 11:13:00,2025-12-21,SKU-010,WH-2,IN,17,REF-10573,RCV
2025-12-21 12:14:00,2025-12-21,SKU-004,WH-2,OUT,-56,REF-10214,SALE
2025-12-21 12:14:00,2025-12-21,SKU-005,WH-1,ADJUST,14,REF-11774,ADJ
2025-12-21 13:45:00,2025-12-21,SKU-005,WH-1,OUT,-1,REF-10245,SALE
2025-12-21 13:45:00,2025-12-21,SKU-007,WH-1,IN,47,REF-10365,RCV
2025-12-21 14:16:00,2025-12-21,SKU-017,WH-1,ADJUST,-15,REF-11776,ADJ
2025-12-21 14:46:00,2025-12-21,SKU-008,WH-1,IN,1,REF-10426,RCV
2025-12-21 15:47:00,2025-12-21,SKU-001,WH-1,IN,34,REF-10007,RCV
2025-12-21 16:48:00,2025-12-21,SKU-002,WH-1,IN,9,REF-10068,RCV
2025-12-21 16:48:00,2025-12-21,SKU-006,WH-1,IN,22,REF-10308,RCV
2025-12-22 08:10:00,2025-12-22,SKU-005,WH-2,IN,20,REF-10270,RCV
2025-12-22 09:11:00,2025-12-22,SKU-003,WH-2,OUT,-1,REF-10151,SALE
2025-12-22 09:21:00,2025-12-22,SKU-009,WH-2,OUT,-15,REF-10521,SALE
2025-12-22 10:12:00,2025-12-22,SKU-001,WH-2,IN,7,REF-10032,RCV
2025-12-22 11:13:00,2025-12-22,SKU-002,WH-2,IN,10,REF-10093,RCV
2025-12-22 11:13:00,2025-12-22,SKU-007,WH-2,IN,43,REF-10393,RCV
2025-12-22 13:15:00,2025-12-22,SKU-004,WH-2,OUT,-17,REF-10215,SALE
2025-12-22 13:45:00,2025-12-22,SKU-010,WH-1,IN,42,REF-10545,RCV
2025-12-22 14:46:00,2025-12-22,SKU-029,WH-1,ADJUST,12,REF-11806,ADJ
2025-12-22 14:56:00,2025-12-22,SKU-009,WH-2,ADJUST,-13,REF-11816,ADJ
2025-12-22 15:47:00,2025-12-22,SKU-008,WH-1,IN,18,REF-10427,RCV
2025-12-22 17:49:00,2025-12-22,SKU-006,WH-1,OUT,-6,REF-10309,SALE
2025-12-23 11:13:00,2025-12-23,SKU-001,WH-2,IN,13,REF-10033,RCV
2025-12-23 11:33:00,2025-12-23,SKU-005,WH-1,RETURN,14,REF-11793,RET
2025-12-23 12:14:00,2025-12-23,SKU-002,WH-2,IN,36,REF-10094,RCV
2025-12-23 12:14:00,2025-12-23,SKU-010,WH-2,IN,5,REF-10574,RCV
2025-12-23 13:45:00,2025-12-23,SKU-009,WH-1,IN,41,REF-10485,RCV
2025-12-23 14:16:00,2025-12-23,SKU-004,WH-2,OUT,-12,REF-10216,SALE
2025-12-23 14:46:00,2025-12-23,SKU-005,WH-1,IN,29,REF-10246,RCV
2025-12-23 14:46:00,2025-12-23,SKU-007,WH-1,IN,20,REF-10366,RCV
2025-12-23 16:18:00,2025-12-23,SKU-006,WH-2,OUT,-4,REF-10338,SALE
2025-12-23 16:48:00,2025-12-23,SKU-008,WH-1,IN,13,REF-10428,RCV
2025-12-24 08:50:00,2025-12-24,SKU-006,WH-1,OUT,-1,REF-10310,SALE
2025-12-24 09:11:00,2025-12-24,SKU-005,WH-2,IN,28,REF-10271,RCV
2025-12-24 09:31:00,2025-12-24,SKU-003,WH-1,RETURN,8,REF-11791,RET
2025-12-24 10:22:00,2025-12-24,SKU-009,WH-2,IN,33,REF-10522,RCV
2025-12-24 12:44:00,2025-12-24,SKU-003,WH-1,IN,17,REF-10124,RCV
2025-12-24 13:15:00,2025-12-24,SKU-010,WH-2,OUT,-5,REF-10575,SALE
2025-12-24 15:17:00,2025-12-24,SKU-004,WH-2,IN,11,REF-10217,RCV
2025-12-24 15:47:00,2025-12-24,SKU-007,WH-1,IN,14,REF-10367,RCV
2025-12-24 16:48:00,2025-12-24,SKU-001,WH-1,IN,2,REF-10008,RCV
2025-12-24 17:19:00,2025-12-24,SKU-008,WH-2,IN,26,REF-10459,RCV
2025-12-24 17:49:00,2025-12-24,SKU-002,WH-1,IN,58,REF-10069,RCV
2025-12-25 08:10:00,2025-12-25,SKU-007,WH-1,ADJUST,10,REF-11830,ADJ
2025-12-25 08:40:00,2025-12-25,SKU-014,WH-1,SCRAP,-5,REF-11800,SCR
2025-12-25 08:50:00,2025-12-25,SKU-002,WH-1,OUT,-10,REF-10070,SALE
2025-12-25 10:12:00,2025-12-25,SKU-003,WH-2,IN,8,REF-10152,RCV
2025-12-25 10:12:00,2025-12-25,SKU-005,WH-2,IN,11,REF-10272,RCV
2025-12-25 11:23:00,2025-12-25,SKU-027,WH-2,ADJUST,-6,REF-11783,ADJ
2025-12-25 14:46:00,2025-12-25,SKU-009,WH-1,OUT,-7,REF-10486,SALE
2025-12-25 14:46:00,2025-12-25,SKU-010,WH-1,IN,4,REF-10546,RCV
2025-12-25 16:48:00,2025-12-25,SKU-004,WH-1,OUT,-61,REF-10188,SALE
2025-12-25 16:48:00,2025-12-25,SKU-007,WH-1,OUT,-11,REF-10368,SALE
2025-12-25 17:19:00,2025-12-25,SKU-006,WH-2,IN,9,REF-10339,RCV
2025-12-25 17:49:00,2025-12-25,SKU-001,WH-1,IN,5,REF-10009,RCV
2025-12-25 17:49:00,2025-12-25,SKU-008,WH-1,OUT,-10,REF-10429,SALE
2025-12-26 08:20:00,2025-12-26,SKU-006,WH-2,IN,24,REF-10340,RCV
2025-12-26 08:50:00,2025-12-26,SKU-008,WH-1,OUT,-28,REF-10430,SALE
2025-12-26 11:13:00,2025-12-26,SKU-003,WH-2,OUT,-18,REF-10153,SALE
2025-12-26 11:13:00,2025-12-26,SKU-005,WH-2,IN,4,REF-10273,RCV
2025-12-26 12:14:00,2025-12-26,SKU-001,WH-2,IN,3,REF-10034,RCV
2025-12-26 12:14:00,2025-12-26,SKU-007,WH-2,OUT,-27,REF-10394,SALE
2025-12-26 13:15:00,2025-12-26,SKU-002,WH-2,IN,6,REF-10095,RCV
2025-12-26 14:16:00,2025-12-26,SKU-010,WH-2,OUT,-5,REF-10576,SALE
2025-12-26 15:47:00,2025-12-26,SKU-009,WH-1,IN,32,REF-10487,RCV
2025-12-26 16:18:00,2025-12-26,SKU-004,WH-2,OUT,-34,REF-10218,SALE
2025-12-27 08:50:00,2025-12-27,SKU-001,WH-1,IN,20,REF-10010,RCV
2025-12-27 09:51:00,2025-12-27,SKU-002,WH-1,IN,27,REF-10071,RCV
2025-12-27 09:51:00,2025-12-27,SKU-006,WH-1,IN,26,REF-10311,RCV
2025-12-27 09:51:00,2025-12-27,SKU-008,WH-1,IN,17,REF-10431,RCV
2025-12-27 12:14:00,2025-12-27,SKU-003,WH-2,IN,2,REF-10154,RCV
2025-12-27 12:44:00,2025-12-27,SKU-016,WH-1,ADJUST,10,REF-11804,ADJ
2025-12-27 15:17:00,2025-12-27,SKU-010,WH-2,IN,10,REF-10577,RCV
2025-12-27 15:47:00,2025-12-27,SKU-005,WH-1,IN,57,REF-10247,RCV
2025-12-27 16:48:00,2025-12-27,SKU-009,WH-1,OUT,-6,REF-10488,SALE
2025-12-27 17:49:00,2025-12-27,SKU-004,WH-1,OUT,-17,REF-10189,SALE
2025-12-27 17:49:00,2025-12-27,SKU-007,WH-1,OUT,-21,REF-10369,SALE
2025-12-28 08:20:00,2025-12-28,SKU-008,WH-2,OUT,-11,REF-10460,SALE
2025-12-28 08:50:00,2025-12-28,SKU-004,WH-1,OUT,-1,REF-10190,SALE
2025-12-28 09:21:00,2025-12-28,SKU-006,WH-2,OUT,-16,REF-10341,SALE
2025-12-28 09:51:00,2025-12-28,SKU-001,WH-1,IN,30,REF-10011,RCV
2025-12-28 11:53:00,2025-12-28,SKU-001,WH-1,ADJUST,-5,REF-11813,ADJ
2025-12-28 12:14:00,2025-12-28,SKU-005,WH-2,IN,21,REF-10274,RCV
2025-12-28 13:15:00,2025-12-28,SKU-003,WH-2,IN,3,REF-10155,RCV
2025-12-28 13:15:00,2025-12-28,SKU-007,WH-2,IN,41,REF-10395,RCV
2025-12-28 14:16:00,2025-12-28,SKU-002,WH-2,IN,12,REF-10096,RCV
2025-12-28 15:47:00,2025-12-28,SKU-010,WH-1,IN,19,REF-10547,RCV
2025-12-28 17:19:00,2025-12-28,SKU-009,WH-1,ADJUST,-10,REF-11779,ADJ
2025-12-28 17:49:00,2025-12-28,SKU-009,WH-1,IN,32,REF-10489,RCV
2025-12-29 09:51:00,2025-12-29,SKU-004,WH-1,OUT,-6,REF-10191,SALE
2025-12-29 10:52:00,2025-12-29,SKU-002,WH-1,IN,28,REF-10072,RCV
2025-12-29 10:52:00,2025-12-29,SKU-006,WH-1,OUT,-23,REF-10312,SALE
2025-12-29 10:52:00,2025-12-29,SKU-008,WH-1,IN,14,REF-10432,RCV
2025-12-29 11:23:00,2025-12-29,SKU-009,WH-2,IN,40,REF-10523,RCV
2025-12-29 13:15:00,2025-12-29,SKU-001,WH-2,IN,80,REF-10035,RCV
2025-12-29 13:15:00,2025-12-29,SKU-005,WH-2,OUT,-8,REF-10275,SALE
2025-12-29 13:45:00,2025-12-29,SKU-003,WH-1,OUT,-23,REF-10125,SALE
2025-12-29 14:16:00,2025-12-29,SKU-007,WH-2,OUT,-22,REF-10396,SALE
2025-12-29 15:27:00,2025-12-29,SKU-007,WH-2,ADJUST,14,REF-11787,ADJ
2025-12-29 16:18:00,2025-12-29,SKU-010,WH-2,IN,13,REF-10578,RCV
2025-12-30 09:21:00,2025-12-30,SKU-008,WH-2,OUT,-5,REF-10461,SALE
2025-12-30 10:52:00,2025-12-30,SKU-004,WH-1,OUT,-3,REF-10192,SALE
2025-12-30 11:43:00,2025-12-30,SKU-025,WH-1,ADJUST,14,REF-11803,ADJ
2025-12-30 11:53:00,2025-12-30,SKU-006,WH-1,IN,35,REF-10313,RCV
2025-12-30 12:24:00,2025-12-30,SKU-009,WH-2,IN,33,REF-10524,RCV
2025-12-30 14:16:00,2025-12-30,SKU-001,WH-2,IN,23,REF-10036,RCV
2025-12-30 14:16:00,2025-12-30,SKU-005,WH-2,OUT,-2,REF-10276,SALE
2025-12-30 14:46:00,2025-12-30,SKU-003,WH-1,IN,7,REF-10126,RCV
2025-12-30 15:17:00,2025-12-30,SKU-002,WH-2,IN,10,REF-10097,RCV
2025-12-30 15:17:00,2025-12-30,SKU-007,WH-2,IN,4,REF-10397,RCV
2025-12-30 16:48:00,2025-12-30,SKU-010,WH-1,OUT,-12,REF-10548,SALE
2025-12-31 10:22:00,2025-12-31,SKU-006,WH-2,IN,48,REF-10342,RCV
2025-12-31 10:22:00,2025-12-31,SKU-008,WH-2,OUT,-1,REF-10462,SALE
2025-12-31 10:52:00,2025-12-31,SKU-001,WH-1,IN,47,REF-10012,RCV
2025-12-31 11:53:00,2025-12-31,SKU-002,WH-1,OUT,-8,REF-10073,SALE
2025-12-31 13:25:00,2025-12-31,SKU-009,WH-2,IN,22,REF-10525,RCV
2025-12-31 14:16:00,2025-12-31,SKU-003,WH-2,OUT,-10,REF-10156,SALE
2025-12-31 16:18:00,2025-12-31,SKU-007,WH-2,IN,36,REF-10398,RCV
2025-12-31 16:48:00,2025-12-31,SKU-005,WH-1,OUT,-37,REF-10248,SALE
2025-12-31 17:19:00,2025-12-31,SKU-004,WH-2,IN,2,REF-10219,RCV
2025-12-31 17:19:00,2025-12-31,SKU-010,WH-2,OUT,-7,REF-10579,SALE
2025-12-31 17:29:00,2025-12-31,SKU-009,WH-1,RETURN,5,REF-11789,RET
2026-01-01 08:20:00,2026-01-01,SKU-004,WH-2,IN,19,REF-10220,RCV
2026-01-01 09:01:00,2026-01-01,SKU-024,WH-2,ADJUST,8,REF-11821,ADJ
2026-01-01 11:23:00,2026-01-01,SKU-006,WH-2,IN,31,REF-10343,RCV
2026-01-01 11:53:00,2026-01-01,SKU-008,WH-1,OUT,-24,REF-10433,SALE
2026-01-01 14:26:00,2026-01-01,SKU-009,WH-2,IN,4,REF-10526,RCV
2026-01-01 15:17:00,2026-01-01,SKU-001,WH-2,OUT,-5,REF-10037,SALE
2026-01-01 15:17:00,2026-01-01,SKU-005,WH-2,IN,6,REF-10277,RCV
2026-01-01 15:47:00,2026-01-01,SKU-003,WH-1,OUT,-17,REF-10127,SALE
2026-01-01 16:18:00,2026-01-01,SKU-002,WH-2,OUT,-6,REF-10098,SALE
2026-01-01 17:19:00,2026-01-01,SKU-007,WH-2,OUT,-23,REF-10399,SALE
2026-01-01 17:49:00,2026-01-01,SKU-010,WH-1,OUT,-4,REF-10549,SALE
2026-01-02 08:50:00,2026-01-02,SKU-007,WH-1,IN,45,REF-10370,RCV
2026-01-02 08:50:00,2026-01-02,SKU-009,WH-1,IN,20,REF-10490,RCV
2026-01-02 08:50:00,2026-01-02,SKU-010,WH-1,IN,16,REF-10550,RCV
2026-01-02 09:21:00,2026-01-02,SKU-004,WH-2,OUT,-25,REF-10221,SALE
2026-01-02 12:54:00,2026-01-02,SKU-006,WH-1,IN,76,REF-10314,RCV
2026-01-02 12:54:00,2026-01-02,SKU-008,WH-1,OUT,-6,REF-10434,SALE
2026-01-02 15:17:00,2026-01-02,SKU-003,WH-2,OUT,-19,REF-10157,SALE
2026-01-02 16:18:00,2026-01-02,SKU-001,WH-2,IN,3,REF-10038,RCV
2026-01-02 16:18:00,2026-01-02,SKU-005,WH-2,IN,17,REF-10278,RCV
2026-01-02 17:19:00,2026-01-02,SKU-002,WH-2,IN,20,REF-10099,RCV
2026-01-03 08:20:00,2026-01-03,SKU-002,WH-2,OUT,-2,REF-10100,SALE
2026-01-03 08:20:00,2026-01-03,SKU-007,WH-2,IN,40,REF-10400,RCV
2026-01-03 09:51:00,2026-01-03,SKU-010,WH-1,IN,19,REF-10551,RCV
2026-01-03 11:23:00,2026-01-03,SKU-008,WH-2,OUT,-7,REF-10463,SALE
2026-01-03 11:53:00,2026-01-03,SKU-004,WH-1,OUT,-18,REF-10193,SALE
2026-01-03 12:34:00,2026-01-03,SKU-029,WH-2,RETURN,8,REF-11794,RET
2026-01-03 13:15:00,2026-01-03,SKU-002,WH-1,ADJUST,8,REF-11775,ADJ
2026-01-03 13:55:00,2026-01-03,SKU-006,WH-1,OUT,-2,REF-10315,SALE
2026-01-03 15:27:00,2026-01-03,SKU-009,WH-2,OUT,-10,REF-10527,SALE
2026-01-03 15:37:00,2026-01-03,SKU-020,WH-1,SCRAP,-11,REF-11797,SCR
2026-01-03 16:18:00,2026-01-03,SKU-003,WH-2,IN,16,REF-10158,RCV
2026-01-03 17:09:00,2026-01-03,SKU-023,WH-2,ADJUST,-8,REF-11829,ADJ
2026-01-03 17:19:00,2026-01-03,SKU-001,WH-2,OUT,-3,REF-10039,SALE
2026-01-03 17:49:00,2026-01-03,SKU-005,WH-1,IN,76,REF-10249,RCV
2026-01-04 08:20:00,2026-01-04,SKU-001,WH-2,OUT,-7,REF-10040,SALE
2026-01-04 08:20:00,2026-01-04,SKU-010,WH-2,IN,11,REF-10580,RCV
2026-01-04 09:51:00,2026-01-04,SKU-007,WH-1,IN,11,REF-10371,RCV
2026-01-04 09:51:00,2026-01-04,SKU-009,WH-1,OUT,-9,REF-10491,SALE
2026-01-04 10:22:00,2026-01-04,SKU-004,WH-2,OUT,-8,REF-10222,SALE
2026-01-04 10:52:00,2026-01-04,SKU-004,WH-1,ADJUST,-6,REF-11812,ADJ
2026-01-04 12:04:00,2026-01-04,SKU-026,WH-1,ADJUST,15,REF-11824,ADJ
2026-01-04 12:24:00,2026-01-04,SKU-008,WH-2,OUT,-8,REF-10464,SALE
2026-01-04 12:54:00,2026-01-04,SKU-002,WH-1,OUT,-27,REF-10074,SALE
2026-01-04 14:56:00,2026-01-04,SKU-006,WH-1,OUT,-10,REF-10316,SALE
2026-01-04 17:19:00,2026-01-04,SKU-003,WH-2,IN,14,REF-10159,RCV
2026-01-04 17:19:00,2026-01-04,SKU-005,WH-2,IN,46,REF-10279,RCV
2026-01-05 08:00:00,2026-01-05,SKU-028,WH-1,ADJUST,5,REF-11820,ADJ
2026-01-05 08:20:00,2026-01-05,SKU-005,WH-2,OUT,-14,REF-10280,SALE
2026-01-05 09:21:00,2026-01-05,SKU-001,WH-2,OUT,-11,REF-10041,SALE
2026-01-05 09:21:00,2026-01-05,SKU-002,WH-2,OUT,-9,REF-10101,SALE
2026-01-05 09:21:00,2026-01-05,SKU-010,WH-2,OUT,-9,REF-10581,SALE
2026-01-05 10:52:00,2026-01-05,SKU-007,WH-1,OUT,-29,REF-10372,SALE
2026-01-05 10:52:00,2026-01-05,SKU-009,WH-1,IN,8,REF-10492,RCV
2026-01-05 12:24:00,2026-01-05,SKU-006,WH-2,IN,18,REF-10344,RCV
2026-01-05 12:54:00,2026-01-05,SKU-004,WH-1,IN,9,REF-10194,RCV
2026-01-05 13:55:00,2026-01-05,SKU-008,WH-1,OUT,-12,REF-10435,SALE
2026-01-05 14:26:00,2026-01-05,SKU-021,WH-2,ADJUST,-10,REF-11786,ADJ
2026-01-05 16:48:00,2026-01-05,SKU-003,WH-1,IN,25,REF-10128,RCV
2026-01-06 08:20:00,2026-01-06,SKU-003,WH-2,IN,22,REF-10160,RCV
2026-01-06 09:21:00,2026-01-06,SKU-005,WH-2,IN,29,REF-10281,RCV
2026-01-06 10:22:00,2026-01-06,SKU-001,WH-2,OUT,-10,REF-10042,SALE
2026-01-06 10:22:00,2026-01-06,SKU-002,WH-2,IN,13,REF-10102,RCV
2026-01-06 10:52:00,2026-01-06,SKU-010,WH-1,OUT,-55,REF-10552,SALE
2026-01-06 11:53:00,2026-01-06,SKU-007,WH-1,OUT,-8,REF-10373,SALE
2026-01-06 13:25:00,2026-01-06,SKU-006,WH-2,IN,31,REF-10345,RCV
2026-01-06 13:55:00,2026-01-06,SKU-004,WH-1,IN,15,REF-10195,RCV
2026-01-06 14:56:00,2026-01-06,SKU-008,WH-1,IN,4,REF-10436,RCV
2026-01-06 16:28:00,2026-01-06,SKU-009,WH-2,IN,16,REF-10528,RCV
2026-01-06 16:48:00,2026-01-06,SKU-018,WH-1,RETURN,13,REF-11808,RET
2026-01-07 08:50:00,2026-01-07,SKU-005,WH-1,IN,36,REF-10250,RCV
2026-01-07 09:21:00,2026-01-07,SKU-003,WH-2,OUT,-11,REF-10161,SALE
2026-01-07 10:22:00,2026-01-07,SKU-010,WH-2,IN,2,REF-10582,RCV
2026-01-07 11:23:00,2026-01-07,SKU-001,WH-2,IN,14,REF-10043,RCV
2026-01-07 11:23:00,2026-01-07,SKU-002,WH-2,IN,5,REF-10103,RCV
2026-01-07 11:53:00,2026-01-07,SKU-009,WH-1,IN,30,REF-10493,RCV
2026-01-07 12:54:00,2026-01-07,SKU-007,WH-1,IN,6,REF-10374,RCV
2026-01-07 14:56:00,2026-01-07,SKU-004,WH-1,OUT,-7,REF-10196,SALE
2026-01-07 15:57:00,2026-01-07,SKU-006,WH-1,IN,59,REF-10317,RCV
2026-01-07 15:57:00,2026-01-07,SKU-008,WH-1,IN,3,REF-10437,RCV
2026-01-08 10:12:00,2026-01-08,SKU-003,WH-1,ADJUST,14,REF-11832,ADJ
2026-01-08 10:22:00,2026-01-08,SKU-005,WH-2,IN,8,REF-10282,RCV
2026-01-08 11:23:00,2026-01-08,SKU-004,WH-2,IN,25,REF-10223,RCV
2026-01-08 11:23:00,2026-01-08,SKU-010,WH-2,IN,19,REF-10583,RCV
2026-01-08 11:53:00,2026-01-08,SKU-001,WH-1,OUT,-39,REF-10013,SALE
2026-01-08 12:24:00,2026-01-08,SKU-002,WH-2,IN,25,REF-10104,RCV
2026-01-08 13:55:00,2026-01-08,SKU-007,WH-1,OUT,-2,REF-10375,SALE
2026-01-08 14:26:00,2026-01-08,SKU-006,WH-2,IN,24,REF-10346,RCV
2026-01-08 16:58:00,2026-01-08,SKU-008,WH-1,IN,34,REF-10438,RCV
2026-01-08 17:29:00,2026-01-08,SKU-009,WH-2,OUT,-3,REF-10529,SALE
2026-01-08 17:49:00,2026-01-08,SKU-003,WH-1,OUT,-22,REF-10129,SALE
2026-01-09 08:30:00,2026-01-09,SKU-009,WH-2,IN,8,REF-10530,RCV
2026-01-09 09:21:00,2026-01-09,SKU-007,WH-2,OUT,-44,REF-10401,SALE
2026-01-09 10:22:00,2026-01-09,SKU-003,WH-2,OUT,-44,REF-10162,SALE
2026-01-09 11:23:00,2026-01-09,SKU-005,WH-2,IN,4,REF-10283,RCV
2026-01-09 12:24:00,2026-01-09,SKU-010,WH-2,IN,27,REF-10584,RCV
2026-01-09 12:54:00,2026-01-09,SKU-001,WH-1,IN,4,REF-10014,RCV
2026-01-09 13:25:00,2026-01-09,SKU-002,WH-2,OUT,-11,REF-10105,SALE
2026-01-09 15:57:00,2026-01-09,SKU-004,WH-1,IN,3,REF-10197,RCV
2026-01-09 16:58:00,2026-01-09,SKU-006,WH-1,IN,31,REF-10318,RCV
2026-01-09 17:59:00,2026-01-09,SKU-008,WH-1,OUT,-18,REF-10439,SALE
2026-01-10 08:00:00,2026-01-10,SKU-008,WH-1,IN,37,REF-10440,RCV
2026-01-10 10:22:00,2026-01-10,SKU-007,WH-2,IN,17,REF-10402,RCV
2026-01-10 10:22:00,2026-01-10,SKU-004,WH-2,ADJUST,13,REF-11782,ADJ
2026-01-10 11:23:00,2026-01-10,SKU-003,WH-2,OUT,-12,REF-10163,SALE
2026-01-10 12:24:00,2026-01-10,SKU-001,WH-2,IN,7,REF-10044,RCV
2026-01-10 12:24:00,2026-01-10,SKU-005,WH-2,OUT,-5,REF-10284,SALE
2026-01-10 12:54:00,2026-01-10,SKU-009,WH-1,OUT,-22,REF-10494,SALE
2026-01-10 13:05:00,2026-01-10,SKU-027,WH-1,ADJUST,8,REF-11825,ADJ
2026-01-10 13:25:00,2026-01-10,SKU-010,WH-2,OUT,-7,REF-10585,SALE
2026-01-10 14:26:00,2026-01-10,SKU-002,WH-2,IN,6,REF-10106,RCV
2026-01-10 15:27:00,2026-01-10,SKU-006,WH-2,IN,45,REF-10347,RCV
2026-01-10 16:58:00,2026-01-10,SKU-004,WH-1,OUT,-9,REF-10198,SALE
2026-01-11 09:01:00,2026-01-11,SKU-008,WH-1,OUT,-11,REF-10441,SALE
2026-01-11 11:53:00,2026-01-11,SKU-010,WH-1,IN,78,REF-10553,RCV
2026-01-11 12:24:00,2026-01-11,SKU-003,WH-2,OUT,-3,REF-10164,SALE
2026-01-11 12:24:00,2026-01-11,SKU-004,WH-2,OUT,-50,REF-10224,SALE
2026-01-11 13:25:00,2026-01-11,SKU-001,WH-2,IN,8,REF-10045,RCV
2026-01-11 13:25:00,2026-01-11,SKU-005,WH-2,IN,28,REF-10285,RCV
2026-01-11 13:55:00,2026-01-11,SKU-002,WH-1,IN,27,REF-10075,RCV
2026-01-11 13:55:00,2026-01-11,SKU-009,WH-1,IN,17,REF-10495,RCV
2026-01-11 14:56:00,2026-01-11,SKU-007,WH-1,IN,11,REF-10376,RCV
2026-01-11 17:59:00,2026-01-11,SKU-006,WH-1,IN,1,REF-10319,RCV
2026-01-12 08:00:00,2026-01-12,SKU-006,WH-1,IN,21,REF-10320,RCV
2026-01-12 10:02:00,2026-01-12,SKU-008,WH-1,IN,25,REF-10442,RCV
2026-01-12 12:54:00,2026-01-12,SKU-010,WH-1,IN,5,REF-10554,RCV
2026-01-12 13:25:00,2026-01-12,SKU-003,WH-2,IN,3,REF-10165,RCV
2026-01-12 13:25:00,2026-01-12,SKU-004,WH-2,IN,29,REF-10225,RCV
2026-01-12 14:26:00,2026-01-12,SKU-001,WH-2,IN,4,REF-10046,RCV
2026-01-12 14:26:00,2026-01-12,SKU-005,WH-2,OUT,-16,REF-10286,SALE
2026-01-12 14:56:00,2026-01-12,SKU-009,WH-1,IN,4,REF-10496,RCV
2026-01-12 15:27:00,2026-01-12,SKU-002,WH-2,OUT,-39,REF-10107,SALE
2026-01-12 15:57:00,2026-01-12,SKU-007,WH-1,IN,26,REF-10377,RCV
2026-01-13 08:50:00,2026-01-13,SKU-003,WH-1,OUT,-38,REF-10130,SALE
2026-01-13 09:01:00,2026-01-13,SKU-006,WH-1,OUT,-2,REF-10321,SALE
2026-01-13 09:31:00,2026-01-13,SKU-009,WH-2,IN,11,REF-10531,RCV
2026-01-13 11:23:00,2026-01-13,SKU-007,WH-2,IN,36,REF-10403,RCV
2026-01-13 13:25:00,2026-01-13,SKU-008,WH-2,IN,42,REF-10465,RCV
2026-01-13 13:55:00,2026-01-13,SKU-010,WH-1,IN,11,REF-10555,RCV
2026-01-13 15:27:00,2026-01-13,SKU-001,WH-2,IN,26,REF-10047,RCV
2026-01-13 15:27:00,2026-01-13,SKU-005,WH-2,IN,22,REF-10287,RCV
2026-01-13 16:18:00,2026-01-13,SKU-009,WH-1,ADJUST,-11,REF-11778,ADJ
2026-01-13 16:28:00,2026-01-13,SKU-002,WH-2,OUT,-10,REF-10108,SALE
2026-01-13 17:59:00,2026-01-13,SKU-004,WH-1,IN,7,REF-10199,RCV
2026-01-14 09:51:00,2026-01-14,SKU-005,WH-1,IN,46,REF-10251,RCV
2026-01-14 10:02:00,2026-01-14,SKU-006,WH-1,IN,15,REF-10322,RCV
2026-01-14 12:24:00,2026-01-14,SKU-007,WH-2,IN,25,REF-10404,RCV
2026-01-14 13:55:00,2026-01-14,SKU-001,WH-1,IN,74,REF-10015,RCV
2026-01-14 14:26:00,2026-01-14,SKU-003,WH-2,IN,25,REF-10166,RCV
2026-01-14 14:26:00,2026-01-14,SKU-004,WH-2,IN,22,REF-10226,RCV
2026-01-14 14:26:00,2026-01-14,SKU-008,WH-2,IN,5,REF-10466,RCV
2026-01-14 14:56:00,2026-01-14,SKU-010,WH-1,IN,7,REF-10556,RCV
2026-01-14 15:57:00,2026-01-14,SKU-009,WH-1,OUT,-6,REF-10497,SALE
2026-01-14 16:38:00,2026-01-14,SKU-015,WH-2,ADJUST,15,REF-11798,ADJ
2026-01-14 17:29:00,2026-01-14,SKU-002,WH-2,IN,5,REF-10109,RCV
2026-01-15 10:52:00,2026-01-15,SKU-005,WH-1,IN,20,REF-10252,RCV
2026-01-15 13:25:00,2026-01-15,SKU-007,WH-2,OUT,-2,REF-10405,SALE
2026-01-15 14:26:00,2026-01-15,SKU-010,WH-2,IN,55,REF-10586,RCV
2026-01-15 14:56:00,2026-01-15,SKU-002,WH-1,OUT,-13,REF-10076,SALE
2026-01-15 15:27:00,2026-01-15,SKU-003,WH-2,OUT,-29,REF-10167,SALE
2026-01-15 15:27:00,2026-01-15,SKU-004,WH-2,OUT,-17,REF-10227,SALE
2026-01-15 15:27:00,2026-01-15,SKU-008,WH-2,OUT,-21,REF-10467,SALE
2026-01-15 16:28:00,2026-01-15,SKU-001,WH-2,IN,28,REF-10048,RCV
2026-01-15 16:28:00,2026-01-15,SKU-006,WH-2,IN,30,REF-10348,RCV
2026-01-15 16:58:00,2026-01-15,SKU-009,WH-1,OUT,-2,REF-10498,SALE
2026-01-16 08:30:00,2026-01-16,SKU-002,WH-2,IN,4,REF-10110,RCV
2026-01-16 10:32:00,2026-01-16,SKU-009,WH-2,OUT,-15,REF-10532,SALE
2026-01-16 11:03:00,2026-01-16,SKU-008,WH-1,OUT,-66,REF-10443,SALE
2026-01-16 11:13:00,2026-01-16,SKU-004,WH-1,RETURN,8,REF-11773,RET
2026-01-16 14:26:00,2026-01-16,SKU-007,WH-2,OUT,-11,REF-10406,SALE
2026-01-16 14:56:00,2026-01-16,SKU-001,WH-1,IN,29,REF-10016,RCV
2026-01-16 15:57:00,2026-01-16,SKU-010,WH-1,IN,28,REF-10557,RCV
2026-01-16 16:28:00,2026-01-16,SKU-003,WH-2,IN,27,REF-10168,RCV
2026-01-16 16:28:00,2026-01-16,SKU-004,WH-2,IN,5,REF-10228,RCV
2026-01-16 16:28:00,2026-01-16,SKU-005,WH-2,IN,46,REF-10288,RCV
2026-01-16 16:28:00,2026-01-16,SKU-006,WH-1,ADJUST,-12,REF-11788,ADJ
2026-01-16 17:29:00,2026-01-16,SKU-006,WH-2,OUT,-1,REF-10349,SALE
2026-01-17 08:00:00,2026-01-17,SKU-004,WH-1,IN,42,REF-10200,RCV
2026-01-17 08:30:00,2026-01-17,SKU-006,WH-2,OUT,-12,REF-10350,SALE
2026-01-17 09:51:00,2026-01-17,SKU-003,WH-1,IN,54,REF-10131,RCV
2026-01-17 10:32:00,2026-01-17,SKU-016,WH-2,SCRAP,-7,REF-11792,SCR
2026-01-17 11:53:00,2026-01-17,SKU-005,WH-1,IN,12,REF-10253,RCV
2026-01-17 12:04:00,2026-01-17,SKU-008,WH-1,OUT,-9,REF-10444,SALE
2026-01-17 15:27:00,2026-01-17,SKU-007,WH-2,OUT,-11,REF-10407,SALE
2026-01-17 15:27:00,2026-01-17,SKU-010,WH-2,IN,20,REF-10587,RCV
2026-01-17 15:57:00,2026-01-17,SKU-002,WH-1,IN,5,REF-10077,RCV
2026-01-17 17:29:00,2026-01-17,SKU-001,WH-2,IN,14,REF-10049,RCV
2026-01-17 17:59:00,2026-01-17,SKU-009,WH-1,IN,45,REF-10499,RCV
2026-01-18 08:00:00,2026-01-18,SKU-009,WH-1,IN,7,REF-10500,RCV
2026-01-18 09:01:00,2026-01-18,SKU-004,WH-1,IN,11,REF-10201,RCV
2026-01-18 09:51:00,2026-01-18,SKU-021,WH-2,SCRAP,-13,REF-11811,SCR
2026-01-18 11:03:00,2026-01-18,SKU-006,WH-1,IN,8,REF-10323,RCV
2026-01-18 15:57:00,2026-01-18,SKU-001,WH-1,OUT,-12,REF-10017,SALE
2026-01-18 16:28:00,2026-01-18,SKU-007,WH-2,IN,32,REF-10408,RCV
2026-01-18 16:28:00,2026-01-18,SKU-008,WH-2,OUT,-34,REF-10468,SALE
2026-01-18 16:58:00,2026-01-18,SKU-002,WH-1,IN,21,REF-10078,RCV
2026-01-18 16:58:00,2026-01-18,SKU-010,WH-1,IN,10,REF-10558,RCV
2026-01-18 17:29:00,2026-01-18,SKU-003,WH-2,IN,30,REF-10169,RCV
2026-01-18 17:29:00,2026-01-18,SKU-005,WH-2,IN,4,REF-10289,RCV
2026-01-18 17:59:00,2026-01-18,SKU-014,WH-2,SCRAP,-11,REF-11819,SCR
2026-01-19 08:30:00,2026-01-19,SKU-001,WH-2,OUT,-11,REF-10050,SALE
2026-01-19 08:30:00,2026-01-19,SKU-003,WH-2,OUT,-11,REF-10170,SALE
2026-01-19 09:01:00,2026-01-19,SKU-009,WH-1,IN,15,REF-10501,RCV
2026-01-19 09:31:00,2026-01-19,SKU-002,WH-2,IN,1,REF-10111,RCV
2026-01-19 09:31:00,2026-01-19,SKU-006,WH-2,OUT,-18,REF-10351,SALE
2026-01-19 12:54:00,2026-01-19,SKU-005,WH-1,IN,31,REF-10254,RCV
2026-01-19 17:29:00,2026-01-19,SKU-004,WH-2,IN,69,REF-10229,RCV
2026-01-19 17:29:00,2026-01-19,SKU-008,WH-2,IN,6,REF-10469,RCV
2026-01-19 17:59:00,2026-01-19,SKU-010,WH-1,OUT,-23,REF-10559,SALE
2026-01-20 08:00:00,2026-01-20,SKU-010,WH-1,OUT,-2,REF-10560,SALE
2026-01-20 08:30:00,2026-01-20,SKU-004,WH-2,OUT,-16,REF-10230,SALE
2026-01-20 08:30:00,2026-01-20,SKU-005,WH-2,IN,44,REF-10290,RCV
2026-01-20 08:30:00,2026-01-20,SKU-008,WH-2,OUT,-1,REF-10470,SALE
2026-01-20 10:02:00,2026-01-20,SKU-009,WH-1,IN,10,REF-10502,RCV
2026-01-20 10:32:00,2026-01-20,SKU-002,WH-2,IN,12,REF-10112,RCV
2026-01-20 10:32:00,2026-01-20,SKU-006,WH-2,OUT,-1,REF-10352,SALE
2026-01-20 10:52:00,2026-01-20,SKU-003,WH-1,OUT,-21,REF-10132,SALE
2026-01-20 15:17:00,2026-01-20,SKU-018,WH-2,ADJUST,-12,REF-11777,ADJ
2026-01-20 16:58:00,2026-01-20,SKU-001,WH-1,IN,10,REF-10018,RCV
2026-01-20 17:29:00,2026-01-20,SKU-007,WH-2,OUT,-2,REF-10409,SALE
2026-01-21 09:31:00,2026-01-21,SKU-004,WH-2,OUT,-16,REF-10231,SALE
2026-01-21 09:31:00,2026-01-21,SKU-008,WH-2,OUT,-12,REF-10471,SALE
2026-01-21 11:03:00,2026-01-21,SKU-009,WH-1,IN,28,REF-10503,RCV
2026-01-21 11:33:00,2026-01-21,SKU-002,WH-2,IN,7,REF-10113,RCV
2026-01-21 11:53:00,2026-01-21,SKU-003,WH-1,IN,2,REF-10133,RCV
2026-01-21 12:04:00,2026-01-21,SKU-006,WH-1,IN,23,REF-10324,RCV
2026-01-21 13:55:00,2026-01-21,SKU-005,WH-1,IN,44,REF-10255,RCV
2026-01-21 16:28:00,2026-01-21,SKU-010,WH-2,IN,2,REF-10588,RCV
2026-01-21 16:58:00,2026-01-21,SKU-007,WH-1,IN,32,REF-10378,RCV
2026-01-21 17:59:00,2026-01-21,SKU-001,WH-1,IN,7,REF-10019,RCV
2026-01-22 08:30:00,2026-01-22,SKU-007,WH-2,IN,4,REF-10410,RCV
2026-01-22 09:01:00,2026-01-22,SKU-010,WH-1,IN,45,REF-10561,RCV
2026-01-22 09:31:00,2026-01-22,SKU-001,WH-2,IN,35,REF-10051,RCV
2026-01-22 09:31:00,2026-01-22,SKU-005,WH-2,IN,25,REF-10291,RCV
2026-01-22 09:41:00,2026-01-22,SKU-029,WH-2,ADJUST,-13,REF-11801,ADJ
2026-01-22 10:02:00,2026-01-22,SKU-004,WH-1,OUT,-26,REF-10202,SALE
2026-01-22 11:33:00,2026-01-22,SKU-006,WH-2,IN,21,REF-10353,RCV
2026-01-22 12:04:00,2026-01-22,SKU-009,WH-1,OUT,-6,REF-10504,SALE
2026-01-22 12:34:00,2026-01-22,SKU-002,WH-2,IN,13,REF-10114,RCV
2026-01-22 12:54:00,2026-01-22,SKU-003,WH-1,IN,27,REF-10134,RCV
2026-01-22 13:05:00,2026-01-22,SKU-008,WH-1,OUT,-26,REF-10445,SALE
2026-01-22 17:39:00,2026-01-22,SKU-004,WH-2,RETURN,6,REF-11799,RET
2026-01-23 10:32:00,2026-01-23,SKU-001,WH-2,IN,27,REF-10052,RCV
2026-01-23 10:32:00,2026-01-23,SKU-004,WH-2,OUT,-21,REF-10232,SALE
2026-01-23 10:32:00,2026-01-23,SKU-005,WH-2,IN,12,REF-10292,RCV
2026-01-23 13:05:00,2026-01-23,SKU-006,WH-1,OUT,-19,REF-10325,SALE
2026-01-23 13:05:00,2026-01-23,SKU-009,WH-1,IN,1,REF-10505,RCV
2026-01-23 13:35:00,2026-01-23,SKU-002,WH-2,IN,28,REF-10115,RCV
2026-01-23 13:55:00,2026-01-23,SKU-003,WH-1,IN,35,REF-10135,RCV
2026-01-23 14:06:00,2026-01-23,SKU-008,WH-1,IN,25,REF-10446,RCV
2026-01-23 17:29:00,2026-01-23,SKU-010,WH-2,IN,24,REF-10589,RCV
2026-01-23 17:59:00,2026-01-23,SKU-007,WH-1,OUT,-4,REF-10379,SALE
2026-01-24 08:50:00,2026-01-24,SKU-024,WH-1,RETURN,11,REF-11810,RET
2026-01-24 09:31:00,2026-01-24,SKU-003,WH-2,IN,57,REF-10171,RCV
2026-01-24 09:31:00,2026-01-24,SKU-007,WH-2,OUT,-6,REF-10411,SALE
2026-01-24 10:02:00,2026-01-24,SKU-010,WH-1,OUT,-8,REF-10562,SALE
2026-01-24 10:32:00,2026-01-24,SKU-008,WH-2,IN,47,REF-10472,RCV
2026-01-24 11:03:00,2026-01-24,SKU-004,WH-1,OUT,-8,REF-10203,SALE
2026-01-24 11:33:00,2026-01-24,SKU-001,WH-2,IN,19,REF-10053,RCV
2026-01-24 14:06:00,2026-01-24,SKU-006,WH-1,OUT,-31,REF-10326,SALE
2026-01-24 14:06:00,2026-01-24,SKU-009,WH-1,IN,2,REF-10506,RCV
2026-01-24 14:56:00,2026-01-24,SKU-005,WH-1,OUT,-9,REF-10256,SALE
2026-01-24 17:59:00,2026-01-24,SKU-002,WH-1,IN,54,REF-10079,RCV
2026-01-25 10:32:00,2026-01-25,SKU-003,WH-2,IN,15,REF-10172,RCV
2026-01-25 10:32:00,2026-01-25,SKU-007,WH-2,IN,28,REF-10412,RCV
2026-01-25 11:03:00,2026-01-25,SKU-010,WH-1,IN,6,REF-10563,RCV
2026-01-25 11:33:00,2026-01-25,SKU-004,WH-2,OUT,-8,REF-10233,SALE
2026-01-25 11:33:00,2026-01-25,SKU-008,WH-2,IN,34,REF-10473,RCV
2026-01-25 12:34:00,2026-01-25,SKU-001,WH-2,IN,10,REF-10054,RCV
2026-01-25 12:34:00,2026-01-25,SKU-006,WH-2,IN,10,REF-10354,RCV
2026-01-25 14:36:00,2026-01-25,SKU-002,WH-2,IN,21,REF-10116,RCV
2026-01-25 15:07:00,2026-01-25,SKU-009,WH-1,OUT,-3,REF-10507,SALE
2026-01-25 15:57:00,2026-01-25,SKU-005,WH-1,IN,4,REF-10257,RCV
2026-01-26 08:00:00,2026-01-26,SKU-001,WH-1,IN,63,REF-10020,RCV
2026-01-26 08:00:00,2026-01-26,SKU-002,WH-1,IN,20,REF-10080,RCV
2026-01-26 08:00:00,2026-01-26,SKU-007,WH-1,IN,58,REF-10380,RCV
2026-01-26 08:30:00,2026-01-26,SKU-010,WH-2,OUT,-30,REF-10590,SALE
2026-01-26 11:33:00,2026-01-26,SKU-003,WH-2,IN,37,REF-10173,RCV
2026-01-26 11:33:00,2026-01-26,SKU-005,WH-2,IN,4,REF-10293,RCV
2026-01-26 12:04:00,2026-01-26,SKU-004,WH-1,IN,10,REF-10204,RCV
2026-01-26 13:35:00,2026-01-26,SKU-006,WH-2,IN,13,REF-10355,RCV
2026-01-26 15:07:00,2026-01-26,SKU-008,WH-1,IN,71,REF-10447,RCV
2026-01-26 16:08:00,2026-01-26,SKU-009,WH-1,IN,1,REF-10508,RCV
2026-01-27 09:01:00,2026-01-27,SKU-001,WH-1,OUT,-12,REF-10021,SALE
2026-01-27 09:01:00,2026-01-27,SKU-002,WH-1,IN,17,REF-10081,RCV
2026-01-27 09:31:00,2026-01-27,SKU-010,WH-2,IN,1,REF-10591,RCV
2026-01-27 11:33:00,2026-01-27,SKU-007,WH-2,IN,32,REF-10413,RCV
2026-01-27 11:33:00,2026-01-27,SKU-009,WH-2,IN,108,REF-10533,RCV
2026-01-27 12:34:00,2026-01-27,SKU-003,WH-2,IN,3,REF-10174,RCV
2026-01-27 12:34:00,2026-01-27,SKU-004,WH-2,IN,4,REF-10234,RCV
2026-01-27 15:07:00,2026-01-27,SKU-006,WH-1,IN,25,REF-10327,RCV
2026-01-27 16:08:00,2026-01-27,SKU-008,WH-1,OUT,-5,REF-10448,SALE
2026-01-27 16:58:00,2026-01-27,SKU-005,WH-1,IN,4,REF-10258,RCV
2026-01-27 16:58:00,2026-01-27,SKU-014,WH-1,ADJUST,6,REF-11818,ADJ
2026-01-28 09:01:00,2026-01-28,SKU-007,WH-1,IN,13,REF-10381,RCV
2026-01-28 10:02:00,2026-01-28,SKU-002,WH-1,OUT,-14,REF-10082,SALE
2026-01-28 10:32:00,2026-01-28,SKU-010,WH-2,OUT,-24,REF-10592,SALE
2026-01-28 12:34:00,2026-01-28,SKU-005,WH-2,IN,3,REF-10294,RCV
2026-01-28 12:34:00,2026-01-28,SKU-008,WH-2,IN,17,REF-10474,RCV
2026-01-28 13:05:00,2026-01-28,SKU-004,WH-1,IN,14,REF-10205,RCV
2026-01-28 13:35:00,2026-01-28,SKU-001,WH-2,OUT,-28,REF-10055,SALE
2026-01-28 13:35:00,2026-01-28,SKU-003,WH-2,OUT,-12,REF-10175,SALE
2026-01-28 14:36:00,2026-01-28,SKU-006,WH-2,OUT,-27,REF-10356,SALE
2026-01-28 15:47:00,2026-01-28,SKU-003,WH-1,ADJUST,-15,REF-11807,ADJ
2026-01-28 17:09:00,2026-01-28,SKU-009,WH-1,IN,43,REF-10509,RCV
2026-01-29 10:02:00,2026-01-29,SKU-001,WH-1,IN,4,REF-10022,RCV
2026-01-29 12:04:00,2026-01-29,SKU-010,WH-1,OUT,-35,REF-10564,SALE
2026-01-29 12:34:00,2026-01-29,SKU-007,WH-2,OUT,-5,REF-10414,SALE
2026-01-29 12:34:00,2026-01-29,SKU-009,WH-2,IN,44,REF-10534,RCV
2026-01-29 13:35:00,2026-01-29,SKU-004,WH-2,IN,9,REF-10235,RCV
2026-01-29 13:35:00,2026-01-29,SKU-005,WH-2,OUT,-5,REF-10295,SALE
2026-01-29 13:35:00,2026-01-29,SKU-008,WH-2,IN,9,REF-10475,RCV
2026-01-29 14:36:00,2026-01-29,SKU-003,WH-2,IN,10,REF-10176,RCV
2026-01-29 15:37:00,2026-01-29,SKU-002,WH-2,IN,31,REF-10117,RCV
2026-01-29 16:08:00,2026-01-29,SKU-006,WH-1,OUT,-2,REF-10328,SALE
2026-01-30 08:10:00,2026-01-30,SKU-009,WH-1,IN,4,REF-10510,RCV
2026-01-30 09:21:00,2026-01-30,SKU-012,WH-2,ADJUST,12,REF-11781,ADJ
2026-01-30 10:02:00,2026-01-30,SKU-007,WH-1,IN,15,REF-10382,RCV
2026-01-30 13:05:00,2026-01-30,SKU-010,WH-1,IN,10,REF-10565,RCV
2026-01-30 13:25:00,2026-01-30,SKU-008,WH-1,SCRAP,-9,REF-11785,SCR
2026-01-30 14:36:00,2026-01-30,SKU-001,WH-2,IN,22,REF-10056,RCV
2026-01-30 14:36:00,2026-01-30,SKU-004,WH-2,OUT,-3,REF-10236,SALE
2026-01-30 14:56:00,2026-01-30,SKU-003,WH-1,IN,41,REF-10136,RCV
2026-01-30 16:38:00,2026-01-30,SKU-002,WH-2,IN,10,REF-10118,RCV
2026-01-30 17:09:00,2026-01-30,SKU-006,WH-1,OUT,-11,REF-10329,SALE
2026-01-30 17:09:00,2026-01-30,SKU-008,WH-1,IN,39,REF-10449,RCV
2026-01-30 17:59:00,2026-01-30,SKU-005,WH-1,IN,32,REF-10259,RCV
2026-01-31 08:10:00,2026-01-31,SKU-006,WH-1,OUT,-6,REF-10330,SALE
2026-01-31 08:10:00,2026-01-31,SKU-008,WH-1,IN,3,REF-10450,RCV
2026-01-31 11:03:00,2026-01-31,SKU-002,WH-1,IN,60,REF-10083,RCV
2026-01-31 13:35:00,2026-01-31,SKU-007,WH-2,IN,53,REF-10415,RCV
2026-01-31 13:35:00,2026-01-31,SKU-009,WH-2,IN,19,REF-10535,RCV
2026-01-31 14:36:00,2026-01-31,SKU-005,WH-2,IN,20,REF-10296,RCV
2026-01-31 14:36:00,2026-01-31,SKU-004,WH-1,ADJUST,-15,REF-11796,ADJ
2026-01-31 15:07:00,2026-01-31,SKU-013,WH-1,ADJUST,-11,REF-11827,ADJ
2026-01-31 15:37:00,2026-01-31,SKU-001,WH-2,IN,23,REF-10057,RCV
2026-01-31 15:37:00,2026-01-31,SKU-003,WH-2,IN,16,REF-10177,RCV
2026-01-31 15:37:00,2026-01-31,SKU-004,WH-2,OUT,-8,REF-10237,SALE
2026-01-31 17:49:00,2026-01-31,SKU-020,WH-2,ADJUST,-13,REF-11809,ADJ
2026-02-01 08:00:00,2026-02-01,SKU-005,WH-1,OUT,-9,REF-10260,SALE
2026-02-01 09:11:00,2026-02-01,SKU-008,WH-1,OUT,-3,REF-10451,SALE
2026-02-01 09:11:00,2026-02-01,SKU-009,WH-1,IN,30,REF-10511,RCV
2026-02-01 11:03:00,2026-02-01,SKU-007,WH-1,IN,55,REF-10383,RCV
2026-02-01 12:04:00,2026-02-01,SKU-002,WH-1,OUT,-2,REF-10084,SALE
2026-02-01 13:45:00,2026-02-01,SKU-027,WH-2,ADJUST,-5,REF-11805,ADJ
2026-02-01 14:06:00,2026-02-01,SKU-010,WH-1,IN,31,REF-10566,RCV
2026-02-01 15:37:00,2026-02-01,SKU-006,WH-2,OUT,-25,REF-10357,SALE
2026-02-01 15:57:00,2026-02-01,SKU-003,WH-1,IN,39,REF-10137,RCV
2026-02-01 16:38:00,2026-02-01,SKU-001,WH-2,OUT,-11,REF-10058,SALE
2026-02-01 16:38:00,2026-02-01,SKU-004,WH-2,OUT,-2,REF-10238,SALE
2026-02-02 10:12:00,2026-02-02,SKU-009,WH-1,IN,1,REF-10512,RCV
2026-02-02 11:03:00,2026-02-02,SKU-001,WH-1,IN,36,REF-10023,RCV
2026-02-02 12:04:00,2026-02-02,SKU-007,WH-1,IN,7,REF-10384,RCV
2026-02-02 13:55:00,2026-02-02,SKU-002,WH-2,ADJUST,13,REF-11815,ADJ
2026-02-02 14:06:00,2026-02-02,SKU-004,WH-1,OUT,-25,REF-10206,SALE
2026-02-02 14:36:00,2026-02-02,SKU-008,WH-2,IN,41,REF-10476,RCV
2026-02-02 15:07:00,2026-02-02,SKU-010,WH-1,IN,5,REF-10567,RCV
2026-02-02 15:37:00,2026-02-02,SKU-005,WH-2,IN,22,REF-10297,RCV
2026-02-02 16:38:00,2026-02-02,SKU-006,WH-2,IN,7,REF-10358,RCV
2026-02-02 16:58:00,2026-02-02,SKU-003,WH-1,IN,1,REF-10138,RCV
2026-02-02 17:39:00,2026-02-02,SKU-002,WH-2,IN,37,REF-10119,RCV
2026-02-03 09:11:00,2026-02-03,SKU-006,WH-1,OUT,-3,REF-10331,SALE
2026-02-03 10:42:00,2026-02-03,SKU-004,WH-2,ADJUST,-7,REF-11802,ADJ
2026-02-03 11:33:00,2026-02-03,SKU-010,WH-2,IN,58,REF-10593,RCV
2026-02-03 13:05:00,2026-02-03,SKU-002,WH-1,OUT,-4,REF-10085,SALE
2026-02-03 14:36:00,2026-02-03,SKU-007,WH-2,IN,15,REF-10416,RCV
2026-02-03 14:36:00,2026-02-03,SKU-009,WH-2,OUT,-1,REF-10536,SALE
2026-02-03 15:07:00,2026-02-03,SKU-004,WH-1,IN,7,REF-10207,RCV
2026-02-03 15:37:00,2026-02-03,SKU-008,WH-2,IN,26,REF-10477,RCV
2026-02-03 16:38:00,2026-02-03,SKU-005,WH-2,IN,30,REF-10298,RCV
2026-02-03 17:39:00,2026-02-03,SKU-001,WH-2,IN,24,REF-10059,RCV
2026-02-03 17:59:00,2026-02-03,SKU-003,WH-1,OUT,-4,REF-10139,SALE
2026-02-04 09:01:00,2026-02-04,SKU-005,WH-1,IN,49,REF-10261,RCV
2026-02-04 10:12:00,2026-02-04,SKU-006,WH-1,IN,2,REF-10332,RCV
2026-02-04 10:12:00,2026-02-04,SKU-008,WH-1,IN,89,REF-10452,RCV
2026-02-04 12:04:00,2026-02-04,SKU-001,WH-1,IN,7,REF-10024,RCV
2026-02-04 12:34:00,2026-02-04,SKU-010,WH-2,OUT,-12,REF-10594,SALE
2026-02-04 14:06:00,2026-02-04,SKU-002,WH-1,IN,24,REF-10086,RCV
2026-02-04 15:37:00,2026-02-04,SKU-007,WH-2,OUT,-2,REF-10417,SALE
2026-02-04 15:37:00,2026-02-04,SKU-009,WH-2,IN,12,REF-10537,RCV
2026-02-04 16:08:00,2026-02-04,SKU-004,WH-1,IN,11,REF-10208,RCV
2026-02-04 16:38:00,2026-02-04,SKU-003,WH-2,OUT,-5,REF-10178,SALE
